task_id	endpoint_family	normalized_unit	normalized_relation	censoring_type	point_regression_eligible	n	unique_values	min	p01	p05	p25	median	p75	p95	p99	max	mean	sd	iqr	mad	top_value_fraction	zero_count	negative_count	positive_count	tukey_outlier_count
mlv1.f.regression.bioavailability_unspeci_063f98e6.36957390caf300f5	F	fraction	>	lower_bound	false	1	1	0.04	0.04	0.04	0.04	0.04	0.04	0.04	0.04	0.04	0.04	0	0	0	1	0	0	1	0
mlv1.f.regression.bioavailability_unspeci_063f98e6.b8c7da51746b37ef	F	fraction	<	upper_bound	false	1	1	0.01	0.01	0.01	0.01	0.01	0.01	0.01	0.01	0.01	0.01	0	0	0	1	0	0	1	0
mlv1.f.regression.bioavailability_unspeci_063f98e6.b8c7da51746b37ef	F	fraction	~	approximate	false	1	1	0	0	0	0	0	0	0	0	0	0	0	0	0	1	1	0	0	0
mlv1.permeability.regression.apparent_permeability.32e6ae274c98b51b	permeability	log10(cm/s)	<	upper_bound	false	4	2	-8.2	-8.188	-8.14	-7.9	-7.8	-7.8	-7.8	-7.8	-7.8	-7.9	0.2	0.1	0	0.75	0	4	0	1
mlv1.permeability.regression.apparent_permeability.52d9ab33f01c98e3	permeability	log10(cm/s)	>	lower_bound	false	6	1	-6	-6	-6	-6	-6	-6	-6	-6	-6	-6	0	0	0	1	0	6	0	0
mlv1.permeability.regression.efflux_ratio.526cdaa652237f71	permeability	log10(ratio)	>	lower_bound	false	15	1	1.30102999566	1.30102999566	1.30102999566	1.30102999566	1.30102999566	1.30102999566	1.30102999566	1.30102999566	1.30102999566	1.30102999566	0	0	0	1	0	0	15	0
mlv1.ppb.regression.fraction_bound.8355e556c58889c5	PPB	fraction_bound	>	lower_bound	false	1	1	0.9	0.9	0.9	0.9	0.9	0.9	0.9	0.9	0.9	0.9	0	0	0	1	0	0	1	0
mlv1.ppb.regression.fraction_bound.94f9f387c68bfeb1	PPB	fraction_bound	>	lower_bound	false	3	2	0.98	0.9802	0.981	0.985	0.99	0.99	0.99	0.99	0.99	0.986666666667	0.0057735026919	0.005	0	0.666666666667	0	0	3	0
mlv1.ppb.regression.fraction_bound.9d93911f6823dc3a	PPB	fraction_bound	<	upper_bound	false	1	1	0.06	0.06	0.06	0.06	0.06	0.06	0.06	0.06	0.06	0.06	0	0	0	1	0	0	1	0
mlv1.ppb.regression.fraction_bound.b4ae2e2deea571f5	PPB	fraction_bound	>	lower_bound	false	2	2	0.5	0.5049	0.5245	0.6225	0.745	0.8675	0.9655	0.9851	0.99	0.745	0.346482322781	0.245	0.245	0.5	0	0	2	0
mlv1.t1_2.regression.other_context.00e5c2c2b2c2ceda	T1/2	log10(h)	<	upper_bound	false	4	1	-2.07918124605	-2.07918124605	-2.07918124605	-2.07918124605	-2.07918124605	-2.07918124605	-2.07918124605	-2.07918124605	-2.07918124605	-2.07918124605	0	0	0	1	0	4	0	0
mlv1.t1_2.regression.other_context.05fd8d9365437fb9	T1/2	log10(h)	>	lower_bound	false	1	1	0.301029995664	0.301029995664	0.301029995664	0.301029995664	0.301029995664	0.301029995664	0.301029995664	0.301029995664	0.301029995664	0.301029995664	0	0	0	1	0	0	1	0
mlv1.t1_2.regression.other_context.08ca64eae437e31c	T1/2	log10(h)	<	upper_bound	false	1	1	-0.778151250384	-0.778151250384	-0.778151250384	-0.778151250384	-0.778151250384	-0.778151250384	-0.778151250384	-0.778151250384	-0.778151250384	-0.778151250384	0	0	0	1	0	1	0	0
mlv1.t1_2.regression.other_context.0d11093408aa219e	T1/2	log10(h)	>	lower_bound	false	1	1	0.301029995664	0.301029995664	0.301029995664	0.301029995664	0.301029995664	0.301029995664	0.301029995664	0.301029995664	0.301029995664	0.301029995664	0	0	0	1	0	0	1	0
mlv1.t1_2.regression.other_context.0d11093408aa219e	T1/2	log10(h)	~	approximate	false	1	1	-0.246672333341	-0.246672333341	-0.246672333341	-0.246672333341	-0.246672333341	-0.246672333341	-0.246672333341	-0.246672333341	-0.246672333341	-0.246672333341	0	0	0	1	0	1	0	0
mlv1.t1_2.regression.other_context.1808027a157fa426	T1/2	log10(h)	<	upper_bound	false	1	1	-0.301029995664	-0.301029995664	-0.301029995664	-0.301029995664	-0.301029995664	-0.301029995664	-0.301029995664	-0.301029995664	-0.301029995664	-0.301029995664	0	0	0	1	0	1	0	0
mlv1.t1_2.regression.other_context.1808027a157fa426	T1/2	log10(h)	>	lower_bound	false	2	1	0.602059991328	0.602059991328	0.602059991328	0.602059991328	0.602059991328	0.602059991328	0.602059991328	0.602059991328	0.602059991328	0.602059991328	0	0	0	1	0	0	2	0
mlv1.t1_2.regression.other_context.1f11c36f833d6b45	T1/2	log10(h)	~	approximate	false	1	1	-1.07918124605	-1.07918124605	-1.07918124605	-1.07918124605	-1.07918124605	-1.07918124605	-1.07918124605	-1.07918124605	-1.07918124605	-1.07918124605	0	0	0	1	0	1	0	0
mlv1.t1_2.regression.other_context.2189cd2984d9464e	T1/2	log10(h)	<	upper_bound	false	1	1	-0.301029995664	-0.301029995664	-0.301029995664	-0.301029995664	-0.301029995664	-0.301029995664	-0.301029995664	-0.301029995664	-0.301029995664	-0.301029995664	0	0	0	1	0	1	0	0
mlv1.t1_2.regression.other_context.2189cd2984d9464e	T1/2	log10(h)	>	lower_bound	false	1	1	0.602059991328	0.602059991328	0.602059991328	0.602059991328	0.602059991328	0.602059991328	0.602059991328	0.602059991328	0.602059991328	0.602059991328	0	0	0	1	0	0	1	0
mlv1.t1_2.regression.other_context.4073a80484f68c47	T1/2	log10(h)	>	lower_bound	false	1	1	1.47712125472	1.47712125472	1.47712125472	1.47712125472	1.47712125472	1.47712125472	1.47712125472	1.47712125472	1.47712125472	1.47712125472	0	0	0	1	0	0	1	0
mlv1.t1_2.regression.other_context.46a853d38ecb1c98	T1/2	log10(h)	<	upper_bound	false	1	1	-0.301029995664	-0.301029995664	-0.301029995664	-0.301029995664	-0.301029995664	-0.301029995664	-0.301029995664	-0.301029995664	-0.301029995664	-0.301029995664	0	0	0	1	0	1	0	0
mlv1.t1_2.regression.other_context.46a853d38ecb1c98	T1/2	log10(h)	>	lower_bound	false	1	1	0.602059991328	0.602059991328	0.602059991328	0.602059991328	0.602059991328	0.602059991328	0.602059991328	0.602059991328	0.602059991328	0.602059991328	0	0	0	1	0	0	1	0
mlv1.t1_2.regression.other_context.4a82268cd9bec8af	T1/2	log10(h)	~	approximate	false	2	2	3.2552725051	3.25577329374	3.25777644832	3.26779222119	3.28031193728	3.29283165336	3.30284742623	3.30485058081	3.30535136945	3.28031193728	0.035411104576	0.025039432175	0.025039432175	0.5	0	0	2	0
mlv1.t1_2.regression.other_context.542376285a20352e	T1/2	log10(h)	>	lower_bound	false	1	1	1.47712125472	1.47712125472	1.47712125472	1.47712125472	1.47712125472	1.47712125472	1.47712125472	1.47712125472	1.47712125472	1.47712125472	0	0	0	1	0	0	1	0
mlv1.t1_2.regression.other_context.6c251773859bb51b	T1/2	log10(h)	<	upper_bound	false	3	1	-1.07918124605	-1.07918124605	-1.07918124605	-1.07918124605	-1.07918124605	-1.07918124605	-1.07918124605	-1.07918124605	-1.07918124605	-1.07918124605	0	0	0	1	0	3	0	0
mlv1.t1_2.regression.other_context.6c251773859bb51b	T1/2	log10(h)	>	lower_bound	false	3	2	1.38021124171	1.38021124171	1.38021124171	1.38021124171	1.38021124171	1.80276026172	2.14079947773	2.20840732093	2.22530928173	1.66191058838	0.487917580897	0.42254902001	0	0.666666666667	0	0	3	0
mlv1.t1_2.regression.other_context.6c251773859bb51b	T1/2	log10(h)	~	approximate	false	1	1	0.124938736608	0.124938736608	0.124938736608	0.124938736608	0.124938736608	0.124938736608	0.124938736608	0.124938736608	0.124938736608	0.124938736608	0	0	0	1	0	0	1	0
mlv1.t1_2.regression.other_context.6eb6c9144f46bee1	T1/2	log10(h)	<	upper_bound	false	1	1	-0.301029995664	-0.301029995664	-0.301029995664	-0.301029995664	-0.301029995664	-0.301029995664	-0.301029995664	-0.301029995664	-0.301029995664	-0.301029995664	0	0	0	1	0	1	0	0
mlv1.t1_2.regression.other_context.6eb6c9144f46bee1	T1/2	log10(h)	>	lower_bound	false	3	1	0.602059991328	0.602059991328	0.602059991328	0.602059991328	0.602059991328	0.602059991328	0.602059991328	0.602059991328	0.602059991328	0.602059991328	0	0	0	1	0	0	3	0
mlv1.t1_2.regression.other_context.77928e59635f4046	T1/2	log10(h)	<	upper_bound	false	1	1	-0.301029995664	-0.301029995664	-0.301029995664	-0.301029995664	-0.301029995664	-0.301029995664	-0.301029995664	-0.301029995664	-0.301029995664	-0.301029995664	0	0	0	1	0	1	0	0
mlv1.t1_2.regression.other_context.77928e59635f4046	T1/2	log10(h)	>	lower_bound	false	1	1	0.602059991328	0.602059991328	0.602059991328	0.602059991328	0.602059991328	0.602059991328	0.602059991328	0.602059991328	0.602059991328	0.602059991328	0	0	0	1	0	0	1	0
mlv1.t1_2.regression.other_context.7875b44305b53c1c	T1/2	log10(h)	<	upper_bound	false	1	1	-0.301029995664	-0.301029995664	-0.301029995664	-0.301029995664	-0.301029995664	-0.301029995664	-0.301029995664	-0.301029995664	-0.301029995664	-0.301029995664	0	0	0	1	0	1	0	0
mlv1.t1_2.regression.other_context.7875b44305b53c1c	T1/2	log10(h)	>	lower_bound	false	2	1	0.602059991328	0.602059991328	0.602059991328	0.602059991328	0.602059991328	0.602059991328	0.602059991328	0.602059991328	0.602059991328	0.602059991328	0	0	0	1	0	0	2	0
mlv1.t1_2.regression.other_context.83a0ceb80dd63b24	T1/2	log10(h)	<	upper_bound	false	3	1	-2.07918124605	-2.07918124605	-2.07918124605	-2.07918124605	-2.07918124605	-2.07918124605	-2.07918124605	-2.07918124605	-2.07918124605	-2.07918124605	0	0	0	1	0	3	0	0
mlv1.t1_2.regression.other_context.8a97cd7f5ae49d4b	T1/2	log10(h)	>	lower_bound	false	1	1	1.38021124171	1.38021124171	1.38021124171	1.38021124171	1.38021124171	1.38021124171	1.38021124171	1.38021124171	1.38021124171	1.38021124171	0	0	0	1	0	0	1	0
mlv1.t1_2.regression.other_context.8d232a1493f9c235	T1/2	log10(h)	>	lower_bound	false	2	2	1.30102999566	1.31027278852	1.34724395996	1.53209981718	1.76316963869	1.99423946021	2.17909531743	2.21606648887	2.22530928173	1.76316963869	0.65356415089	0.462139643035	0.462139643035	0.5	0	0	2	0
mlv1.t1_2.regression.other_context.92d7bdf8bcff8cef	T1/2	log10(h)	>	lower_bound	false	1	1	1.47712125472	1.47712125472	1.47712125472	1.47712125472	1.47712125472	1.47712125472	1.47712125472	1.47712125472	1.47712125472	1.47712125472	0	0	0	1	0	0	1	0
mlv1.t1_2.regression.other_context.9c3add32e1766e19	T1/2	log10(h)	>	lower_bound	false	2	2	0.124938736608	0.143466585295	0.217577980042	0.588134953779	1.05133117095	1.51452738812	1.88508436186	1.9591957566	1.97772360529	1.05133117095	1.31011674472	0.926392434341	0.926392434341	0.5	0	0	2	0
mlv1.t1_2.regression.other_context.9ed8994059c06b15	T1/2	log10(h)	>	lower_bound	false	1	1	1.47712125472	1.47712125472	1.47712125472	1.47712125472	1.47712125472	1.47712125472	1.47712125472	1.47712125472	1.47712125472	1.47712125472	0	0	0	1	0	0	1	0
mlv1.t1_2.regression.other_context.b18d63e3a0872a87	T1/2	log10(h)	>	lower_bound	false	1	1	1.38021124171	1.38021124171	1.38021124171	1.38021124171	1.38021124171	1.38021124171	1.38021124171	1.38021124171	1.38021124171	1.38021124171	0	0	0	1	0	0	1	0
mlv1.t1_2.regression.other_context.b24bbafcecb79e50	T1/2	log10(h)	<	upper_bound	false	1	1	-0.602059991328	-0.602059991328	-0.602059991328	-0.602059991328	-0.602059991328	-0.602059991328	-0.602059991328	-0.602059991328	-0.602059991328	-0.602059991328	0	0	0	1	0	1	0	0
mlv1.t1_2.regression.other_context.c6862618910429ca	T1/2	log10(h)	~	approximate	false	1	1	-0.301029995664	-0.301029995664	-0.301029995664	-0.301029995664	-0.301029995664	-0.301029995664	-0.301029995664	-0.301029995664	-0.301029995664	-0.301029995664	0	0	0	1	0	1	0	0
mlv1.t1_2.regression.other_context.c6e43bcc8b90ab47	T1/2	log10(h)	~	approximate	false	1	1	-1.07918124605	-1.07918124605	-1.07918124605	-1.07918124605	-1.07918124605	-1.07918124605	-1.07918124605	-1.07918124605	-1.07918124605	-1.07918124605	0	0	0	1	0	1	0	0
mlv1.t1_2.regression.other_context.c93620d07d01db51	T1/2	log10(h)	>	lower_bound	false	1	1	0.263241434775	0.263241434775	0.263241434775	0.263241434775	0.263241434775	0.263241434775	0.263241434775	0.263241434775	0.263241434775	0.263241434775	0	0	0	1	0	0	1	0
mlv1.t1_2.regression.other_context.cfc6a7173daa9e9a	T1/2	log10(h)	>	lower_bound	false	1	1	0.301029995664	0.301029995664	0.301029995664	0.301029995664	0.301029995664	0.301029995664	0.301029995664	0.301029995664	0.301029995664	0.301029995664	0	0	0	1	0	0	1	0
mlv1.t1_2.regression.other_context.e18e4c3b14fe466a	T1/2	log10(h)	~	approximate	false	1	1	-0.47712125472	-0.47712125472	-0.47712125472	-0.47712125472	-0.47712125472	-0.47712125472	-0.47712125472	-0.47712125472	-0.47712125472	-0.47712125472	0	0	0	1	0	1	0	0
mlv1.t1_2.regression.other_context.fa2ad71d6b8a67a2	T1/2	log10(h)	<	upper_bound	false	3	1	-1.07918124605	-1.07918124605	-1.07918124605	-1.07918124605	-1.07918124605	-1.07918124605	-1.07918124605	-1.07918124605	-1.07918124605	-1.07918124605	0	0	0	1	0	3	0	0
mlv1.t1_2.regression.plasma_serum_stability.01ccb0bd6b1540d6	T1/2	log10(h)	<	upper_bound	false	1	1	-0.301029995664	-0.301029995664	-0.301029995664	-0.301029995664	-0.301029995664	-0.301029995664	-0.301029995664	-0.301029995664	-0.301029995664	-0.301029995664	0	0	0	1	0	1	0	0
mlv1.t1_2.regression.plasma_serum_stability.01ccb0bd6b1540d6	T1/2	log10(h)	>	lower_bound	false	2	2	1.07918124605	1.08139973355	1.09027368353	1.13464343345	1.19010562086	1.24556780826	1.28993755818	1.29881150816	1.30102999566	1.19010562086	0.156870755247	0.110924374805	0.110924374805	0.5	0	0	2	0
mlv1.t1_2.regression.plasma_serum_stability.06e81e84546aa5ae	T1/2	log10(h)	>	lower_bound	false	1	1	0.698970004336	0.698970004336	0.698970004336	0.698970004336	0.698970004336	0.698970004336	0.698970004336	0.698970004336	0.698970004336	0.698970004336	0	0	0	1	0	0	1	0
mlv1.t1_2.regression.plasma_serum_stability.06e81e84546aa5ae	T1/2	log10(h)	~	approximate	false	2	2	-0.301029995664	-0.295009395751	-0.270926996098	-0.150514997832	0	0.150514997832	0.270926996098	0.295009395751	0.301029995664	0	0.425720702549	0.301029995664	0.301029995664	0.5	0	1	1	0
mlv1.t1_2.regression.plasma_serum_stability.0c192e8a53cc7fc7	T1/2	log10(h)	~	approximate	false	3	3	-0.435728569561	-0.420993398256	-0.362052713038	-0.0673492869485	0.301029995664	0.690105620857	1.00136612101	1.06361822104	1.07918124605	0.314827557384	0.757549151469	0.757454907805	0.736758565225	0.333333333333	0	1	2	0
mlv1.t1_2.regression.plasma_serum_stability.0f7aee5062d48b63	T1/2	log10(h)	>	lower_bound	false	5	3	0.698970004336	0.726219653831	0.835218251811	1.38021124171	1.38021124171	1.38021124171	1.62103523825	1.66920003755	1.68124123738	1.30416899337	0.362559155218	0	0	0.6	0	0	5	2
mlv1.t1_2.regression.plasma_serum_stability.107ca590e7ee932d	T1/2	log10(h)	>	lower_bound	false	1	1	0.602059991328	0.602059991328	0.602059991328	0.602059991328	0.602059991328	0.602059991328	0.602059991328	0.602059991328	0.602059991328	0.602059991328	0	0	0	1	0	0	1	0
mlv1.t1_2.regression.plasma_serum_stability.6d999639129c1772	T1/2	log10(h)	~	approximate	false	3	2	0.301029995664	0.301029995664	0.301029995664	0.301029995664	0.301029995664	0.422549020007	0.519764239481	0.539207283376	0.54406804435	0.382042678559	0.140318082832	0.121519024343	0	0.666666666667	0	0	3	0
mlv1.t1_2.regression.plasma_serum_stability.863b732d65703e52	T1/2	log10(h)	<	upper_bound	false	1	1	-0.778151250384	-0.778151250384	-0.778151250384	-0.778151250384	-0.778151250384	-0.778151250384	-0.778151250384	-0.778151250384	-0.778151250384	-0.778151250384	0	0	0	1	0	1	0	0
mlv1.t1_2.regression.plasma_serum_stability.86ae9323cbc75f7b	T1/2	log10(h)	>	lower_bound	false	1	1	1.68124123738	1.68124123738	1.68124123738	1.68124123738	1.68124123738	1.68124123738	1.68124123738	1.68124123738	1.68124123738	1.68124123738	0	0	0	1	0	0	1	0
mlv1.t1_2.regression.plasma_serum_stability.8b38e5bc82e2cd59	T1/2	log10(h)	<	upper_bound	false	1	1	-1.77815125038	-1.77815125038	-1.77815125038	-1.77815125038	-1.77815125038	-1.77815125038	-1.77815125038	-1.77815125038	-1.77815125038	-1.77815125038	0	0	0	1	0	1	0	0
mlv1.t1_2.regression.plasma_serum_stability.8b38e5bc82e2cd59	T1/2	log10(h)	>	lower_bound	false	1	1	0.47712125472	0.47712125472	0.47712125472	0.47712125472	0.47712125472	0.47712125472	0.47712125472	0.47712125472	0.47712125472	0.47712125472	0	0	0	1	0	0	1	0
mlv1.t1_2.regression.plasma_serum_stability.8e13e9ff5fd2c559	T1/2	log10(h)	<	upper_bound	false	1	1	-0.301029995664	-0.301029995664	-0.301029995664	-0.301029995664	-0.301029995664	-0.301029995664	-0.301029995664	-0.301029995664	-0.301029995664	-0.301029995664	0	0	0	1	0	1	0	0
mlv1.t1_2.regression.plasma_serum_stability.8e13e9ff5fd2c559	T1/2	log10(h)	>	lower_bound	false	7	5	0.301029995664	0.301029995664	0.301029995664	0.562469368304	1.07918124605	1.38021124171	1.59093223868	1.66317943764	1.68124123738	0.992401957017	0.542709655881	0.817741873406	0.30102999566	0.285714285714	0	0	7	0
mlv1.t1_2.regression.plasma_serum_stability.8fd0bfc715bfe649	T1/2	log10(h)	<	upper_bound	false	1	1	-2.55630250077	-2.55630250077	-2.55630250077	-2.55630250077	-2.55630250077	-2.55630250077	-2.55630250077	-2.55630250077	-2.55630250077	-2.55630250077	0	0	0	1	0	1	0	0
mlv1.t1_2.regression.plasma_serum_stability.a25db9e779320455	T1/2	log10(h)	<	upper_bound	false	1	1	-1.47712125472	-1.47712125472	-1.47712125472	-1.47712125472	-1.47712125472	-1.47712125472	-1.47712125472	-1.47712125472	-1.47712125472	-1.47712125472	0	0	0	1	0	1	0	0
mlv1.t1_2.regression.plasma_serum_stability.a3e96e697b2e48be	T1/2	log10(h)	>	lower_bound	false	1	1	1.07918124605	1.07918124605	1.07918124605	1.07918124605	1.07918124605	1.07918124605	1.07918124605	1.07918124605	1.07918124605	1.07918124605	0	0	0	1	0	0	1	0
mlv1.t1_2.regression.plasma_serum_stability.a595c1178c113a07	T1/2	log10(h)	>	lower_bound	false	2	2	0.682746592373	0.692731538823	0.732671324623	0.932370253625	1.18199391488	1.43161757613	1.63131650513	1.67125629093	1.68124123738	1.18199391488	0.706042334463	0.499247322504	0.499247322504	0.5	0	0	2	0
mlv1.t1_2.regression.plasma_serum_stability.a7e2a583ea2b8409	T1/2	log10(h)	>	lower_bound	false	1	1	1.38021124171	1.38021124171	1.38021124171	1.38021124171	1.38021124171	1.38021124171	1.38021124171	1.38021124171	1.38021124171	1.38021124171	0	0	0	1	0	0	1	0
mlv1.t1_2.regression.plasma_serum_stability.a7e2a583ea2b8409	T1/2	log10(h)	~	approximate	false	2	1	0	0	0	0	0	0	0	0	0	0	0	0	0	1	2	0	0	0
mlv1.t1_2.regression.plasma_serum_stability.a7ea702eec3f3d2a	T1/2	log10(h)	<	upper_bound	false	1	1	-1.77815125038	-1.77815125038	-1.77815125038	-1.77815125038	-1.77815125038	-1.77815125038	-1.77815125038	-1.77815125038	-1.77815125038	-1.77815125038	0	0	0	1	0	1	0	0
mlv1.t1_2.regression.plasma_serum_stability.a7ea702eec3f3d2a	T1/2	log10(h)	>	lower_bound	false	2	2	0.778151250384	0.791575477192	0.845272384425	1.11375692059	1.4493625908	1.784968261	2.05345279717	2.1071497044	2.12057393121	1.4493625908	0.949236180831	0.671211340413	0.671211340413	0.5	0	0	2	0
mlv1.t1_2.regression.plasma_serum_stability.b06e195dbb3a78eb	T1/2	log10(h)	>	lower_bound	false	1	1	1	1	1	1	1	1	1	1	1	1	0	0	0	1	0	0	1	0
mlv1.t1_2.regression.plasma_serum_stability.bc0f6ea6a5ffc132	T1/2	log10(h)	<	upper_bound	false	3	1	-0.301029995664	-0.301029995664	-0.301029995664	-0.301029995664	-0.301029995664	-0.301029995664	-0.301029995664	-0.301029995664	-0.301029995664	-0.301029995664	0	0	0	1	0	3	0	0
mlv1.t1_2.regression.plasma_serum_stability.bc0f6ea6a5ffc132	T1/2	log10(h)	<=	upper_bound	false	1	1	1.38021124171	1.38021124171	1.38021124171	1.38021124171	1.38021124171	1.38021124171	1.38021124171	1.38021124171	1.38021124171	1.38021124171	0	0	0	1	0	0	1	0
mlv1.t1_2.regression.plasma_serum_stability.bc0f6ea6a5ffc132	T1/2	log10(h)	>	lower_bound	false	2	2	-0.301029995664	-0.285801208211	-0.2248860584	0.079689690657	0.460409376978	0.841129063299	1.14570481236	1.20661996217	1.22184874962	0.460409376978	1.07683788772	0.761439372642	0.761439372642	0.5	0	1	1	0
mlv1.t1_2.regression.plasma_serum_stability.bc0f6ea6a5ffc132	T1/2	log10(h)	~	approximate	false	7	3	0	0	0	0.088045629528	0.176091259056	0.778151250383	1.38021124171	1.38021124171	1.38021124171	0.469813751513	0.626885929318	0.690105620855	0.176091259056	0.428571428571	2	0	5	0
mlv1.t1_2.regression.plasma_serum_stability.cb59ba36993c6f84	T1/2	log10(h)	>	lower_bound	false	3	1	1.07918124605	1.07918124605	1.07918124605	1.07918124605	1.07918124605	1.07918124605	1.07918124605	1.07918124605	1.07918124605	1.07918124605	0	0	0	1	0	0	3	0
mlv1.t1_2.regression.plasma_serum_stability.cc7a414c7b4dd429	T1/2	log10(h)	>	lower_bound	false	1	1	0.698970004336	0.698970004336	0.698970004336	0.698970004336	0.698970004336	0.698970004336	0.698970004336	0.698970004336	0.698970004336	0.698970004336	0	0	0	1	0	0	1	0
mlv1.t1_2.regression.plasma_serum_stability.d8788970c5e5ac29	T1/2	log10(h)	<	upper_bound	false	1	1	-1.07918124605	-1.07918124605	-1.07918124605	-1.07918124605	-1.07918124605	-1.07918124605	-1.07918124605	-1.07918124605	-1.07918124605	-1.07918124605	0	0	0	1	0	1	0	0
mlv1.t1_2.regression.plasma_serum_stability.d8788970c5e5ac29	T1/2	log10(h)	~	approximate	false	1	1	-0.47712125472	-0.47712125472	-0.47712125472	-0.47712125472	-0.47712125472	-0.47712125472	-0.47712125472	-0.47712125472	-0.47712125472	-0.47712125472	0	0	0	1	0	1	0	0
mlv1.t1_2.regression.protease_intestinal_stability.718a9a4472cc08a2	T1/2	log10(h)	<	upper_bound	false	3	3	-1.47712125472	-1.43359942954	-1.25951212881	-0.389075625192	0.698970004336	1.30102999566	1.78267798872	1.87900758734	1.90308998699	0.374979578869	1.71323797427	1.69010562085	1.20411998265	0.333333333333	0	1	2	0
mlv1.t1_2.regression.protease_intestinal_stability.718a9a4472cc08a2	T1/2	log10(h)	>	lower_bound	false	5	2	0.602059991328	0.602059991328	0.602059991328	0.602059991328	0.602059991328	0.602059991328	0.983756995106	1.06009639586	1.07918124605	0.697484242272	0.213375111814	0	0	0.8	0	0	5	1
mlv1.t1_2.regression.protease_intestinal_stability.718a9a4472cc08a2	T1/2	log10(h)	~	approximate	false	3	3	0.698970004336	0.702491829517	0.716579130242	0.787015633864	0.875061263392	1.3600796517	1.74809436235	1.82569730448	1.84509804001	1.13970976925	0.617196477856	0.573064017837	0.176091259056	0.333333333333	0	0	3	0
mlv1.t1_2.regression.protease_intestinal_stability.79d198cc6413eb6c	T1/2	log10(h)	>	lower_bound	false	1	1	0.698970004336	0.698970004336	0.698970004336	0.698970004336	0.698970004336	0.698970004336	0.698970004336	0.698970004336	0.698970004336	0.698970004336	0	0	0	1	0	0	1	0
mlv1.t1_2.regression.protease_intestinal_stability.90eb8d49bdfc0ed8	T1/2	log10(h)	>	lower_bound	false	1	1	1.98227123304	1.98227123304	1.98227123304	1.98227123304	1.98227123304	1.98227123304	1.98227123304	1.98227123304	1.98227123304	1.98227123304	0	0	0	1	0	0	1	0
mlv1.t1_2.regression.protease_intestinal_stability.f1cd9df4df1eb302	T1/2	log10(h)	>	lower_bound	false	1	1	1.07918124605	1.07918124605	1.07918124605	1.07918124605	1.07918124605	1.07918124605	1.07918124605	1.07918124605	1.07918124605	1.07918124605	0	0	0	1	0	0	1	0
mlv1.t1_2.regression.protease_intestinal_stability.f1cd9df4df1eb302	T1/2	log10(h)	~	approximate	false	1	1	0	0	0	0	0	0	0	0	0	0	0	0	0	1	1	0	0	0
mlv1.t1_2.regression.protease_intestinal_stability.fa13a23990ed393c	T1/2	log10(h)	>	lower_bound	false	1	1	1.38021124171	1.38021124171	1.38021124171	1.38021124171	1.38021124171	1.38021124171	1.38021124171	1.38021124171	1.38021124171	1.38021124171	0	0	0	1	0	0	1	0
mlv1.t1_2.regression.systemic_terminal_pk.042db1d33d22db01	T1/2	log10(h)	<	upper_bound	false	1	1	-1.07918124605	-1.07918124605	-1.07918124605	-1.07918124605	-1.07918124605	-1.07918124605	-1.07918124605	-1.07918124605	-1.07918124605	-1.07918124605	0	0	0	1	0	1	0	0
mlv1.t1_2.regression.systemic_terminal_pk.09d1ec6d0bb8309f	T1/2	log10(h)	<	upper_bound	false	1	1	-1.77815125038	-1.77815125038	-1.77815125038	-1.77815125038	-1.77815125038	-1.77815125038	-1.77815125038	-1.77815125038	-1.77815125038	-1.77815125038	0	0	0	1	0	1	0	0
mlv1.t1_2.regression.systemic_terminal_pk.0c4bf7108b93fc3b	T1/2	log10(h)	~	approximate	false	1	1	-0.301029995664	-0.301029995664	-0.301029995664	-0.301029995664	-0.301029995664	-0.301029995664	-0.301029995664	-0.301029995664	-0.301029995664	-0.301029995664	0	0	0	1	0	1	0	0
mlv1.t1_2.regression.systemic_terminal_pk.0e35eb2d742088d6	T1/2	log10(h)	<	upper_bound	false	1	1	-0.301029995664	-0.301029995664	-0.301029995664	-0.301029995664	-0.301029995664	-0.301029995664	-0.301029995664	-0.301029995664	-0.301029995664	-0.301029995664	0	0	0	1	0	1	0	0
mlv1.t1_2.regression.systemic_terminal_pk.13c5fc9e393d4491	T1/2	log10(h)	<	upper_bound	false	2	2	-1.77815125038	-1.77116155034	-1.74320275016	-1.6034087493	-1.42866624822	-1.25392374713	-1.11412974627	-1.08617094609	-1.07918124605	-1.42866624822	0.494246429908	0.349485002165	0.349485002165	0.5	0	2	0	0
mlv1.t1_2.regression.systemic_terminal_pk.13e17c10e6b26bc2	T1/2	log10(h)	~	approximate	false	1	1	1.51851393988	1.51851393988	1.51851393988	1.51851393988	1.51851393988	1.51851393988	1.51851393988	1.51851393988	1.51851393988	1.51851393988	0	0	0	1	0	0	1	0
mlv1.t1_2.regression.systemic_terminal_pk.19f9440b099488f9	T1/2	log10(h)	<	upper_bound	false	1	1	0.301029995664	0.301029995664	0.301029995664	0.301029995664	0.301029995664	0.301029995664	0.301029995664	0.301029995664	0.301029995664	0.301029995664	0	0	0	1	0	0	1	0
mlv1.t1_2.regression.systemic_terminal_pk.25170c6344b8887c	T1/2	log10(h)	<	upper_bound	false	2	2	-0.602059991328	-0.596039391415	-0.571956991762	-0.451544993496	-0.301029995664	-0.150514997832	-0.0301029995664	-0.00602059991328	0	-0.301029995664	0.425720702549	0.301029995664	0.301029995664	0.5	1	1	0	0
mlv1.t1_2.regression.systemic_terminal_pk.2998e8c84f048c96	T1/2	log10(h)	>	lower_bound	false	2	2	0.47712125472	0.483141854633	0.507224254286	0.627636252552	0.778151250385	0.928666248218	1.04907824648	1.07316064614	1.07918124605	0.778151250385	0.425720702551	0.301029995665	0.301029995665	0.5	0	0	2	0
mlv1.t1_2.regression.systemic_terminal_pk.2998e8c84f048c96	T1/2	log10(h)	~	approximate	false	1	1	-1.07918124605	-1.07918124605	-1.07918124605	-1.07918124605	-1.07918124605	-1.07918124605	-1.07918124605	-1.07918124605	-1.07918124605	-1.07918124605	0	0	0	1	0	1	0	0
mlv1.t1_2.regression.systemic_terminal_pk.2a1c378178fb4998	T1/2	log10(h)	~	approximate	false	3	3	0.301029995664	0.315837249454	0.375066264614	0.671211340412	1.04139268516	1.56028696561	1.97540238996	2.05842547483	2.07918124605	1.14053464229	0.893211796306	0.889075625193	0.740362689496	0.333333333333	0	0	3	0
mlv1.t1_2.regression.systemic_terminal_pk.3efba457bde962a2	T1/2	log10(h)	>	lower_bound	false	1	1	1.68124123738	1.68124123738	1.68124123738	1.68124123738	1.68124123738	1.68124123738	1.68124123738	1.68124123738	1.68124123738	1.68124123738	0	0	0	1	0	0	1	0
mlv1.t1_2.regression.systemic_terminal_pk.4169f031d382c9a3	T1/2	log10(h)	~	approximate	false	2	2	-0.45593195565	-0.45023320257	-0.427438190252	-0.313463128661	-0.170994301671	-0.0285254746822	0.0854495869092	0.108244599227	0.113943352307	-0.170994301671	0.402962694687	0.284937653979	0.284937653979	0.5	0	1	1	0
mlv1.t1_2.regression.systemic_terminal_pk.4609b4673c0db071	T1/2	log10(h)	~	approximate	false	1	1	-1.60205999133	-1.60205999133	-1.60205999133	-1.60205999133	-1.60205999133	-1.60205999133	-1.60205999133	-1.60205999133	-1.60205999133	-1.60205999133	0	0	0	1	0	1	0	0
mlv1.t1_2.regression.systemic_terminal_pk.49987fe67bb1b8d4	T1/2	log10(h)	~	approximate	false	1	1	0	0	0	0	0	0	0	0	0	0	0	0	0	1	1	0	0	0
mlv1.t1_2.regression.systemic_terminal_pk.4a9b2b0ae584b6a0	T1/2	log10(h)	<	upper_bound	false	1	1	-1.47712125472	-1.47712125472	-1.47712125472	-1.47712125472	-1.47712125472	-1.47712125472	-1.47712125472	-1.47712125472	-1.47712125472	-1.47712125472	0	0	0	1	0	1	0	0
mlv1.t1_2.regression.systemic_terminal_pk.4a9b2b0ae584b6a0	T1/2	log10(h)	~	approximate	false	1	1	-0.778151250384	-0.778151250384	-0.778151250384	-0.778151250384	-0.778151250384	-0.778151250384	-0.778151250384	-0.778151250384	-0.778151250384	-0.778151250384	0	0	0	1	0	1	0	0
mlv1.t1_2.regression.systemic_terminal_pk.4e4d6b19a222e9c4	T1/2	log10(h)	<=	upper_bound	false	2	2	-0.778151250383	-0.770369737879	-0.739243687864	-0.583613437787	-0.389075625192	-0.194537812596	-0.0389075625192	-0.00778151250383	0	-0.389075625192	0.550236025935	0.389075625192	0.389075625192	0.5	1	1	0	0
mlv1.t1_2.regression.systemic_terminal_pk.50dbd3e301b897d1	T1/2	log10(h)	~	approximate	false	1	1	-1.77815125038	-1.77815125038	-1.77815125038	-1.77815125038	-1.77815125038	-1.77815125038	-1.77815125038	-1.77815125038	-1.77815125038	-1.77815125038	0	0	0	1	0	1	0	0
mlv1.t1_2.regression.systemic_terminal_pk.522b02c8bc658894	T1/2	log10(h)	<	upper_bound	false	1	1	-1.17609125906	-1.17609125906	-1.17609125906	-1.17609125906	-1.17609125906	-1.17609125906	-1.17609125906	-1.17609125906	-1.17609125906	-1.17609125906	0	0	0	1	0	1	0	0
mlv1.t1_2.regression.systemic_terminal_pk.522b02c8bc658894	T1/2	log10(h)	~	approximate	false	8	8	-2.51490981561	-2.50757834107	-2.47825244293	-2.17297199343	-1.93354616686	-1.89384409543	-1.80893556001	-1.78430811231	-1.77815125038	-2.05417859692	0.268577073995	0.279127897998	0.1114173313	0.125	0	8	0	0
mlv1.t1_2.regression.systemic_terminal_pk.580244e859e29d95	T1/2	log10(h)	~	approximate	false	1	1	0.176091259056	0.176091259056	0.176091259056	0.176091259056	0.176091259056	0.176091259056	0.176091259056	0.176091259056	0.176091259056	0.176091259056	0	0	0	1	0	0	1	0
mlv1.t1_2.regression.systemic_terminal_pk.5814d195528aebdd	T1/2	log10(h)	<	upper_bound	false	1	1	-1.77815125038	-1.77815125038	-1.77815125038	-1.77815125038	-1.77815125038	-1.77815125038	-1.77815125038	-1.77815125038	-1.77815125038	-1.77815125038	0	0	0	1	0	1	0	0
mlv1.t1_2.regression.systemic_terminal_pk.6a1d5b8d2d02de92	T1/2	log10(h)	~	approximate	false	1	1	1.84509804001	1.84509804001	1.84509804001	1.84509804001	1.84509804001	1.84509804001	1.84509804001	1.84509804001	1.84509804001	1.84509804001	0	0	0	1	0	0	1	0
mlv1.t1_2.regression.systemic_terminal_pk.6cc42676dcd9894f	T1/2	log10(h)	~	approximate	false	1	1	1	1	1	1	1	1	1	1	1	1	0	0	0	1	0	0	1	0
mlv1.t1_2.regression.systemic_terminal_pk.6d54e807e08d7207	T1/2	log10(h)	<	upper_bound	false	1	1	-0.778151250384	-0.778151250384	-0.778151250384	-0.778151250384	-0.778151250384	-0.778151250384	-0.778151250384	-0.778151250384	-0.778151250384	-0.778151250384	0	0	0	1	0	1	0	0
mlv1.t1_2.regression.systemic_terminal_pk.713ae2bd3ac9d54e	T1/2	log10(h)	~	approximate	false	1	1	-1.47712125472	-1.47712125472	-1.47712125472	-1.47712125472	-1.47712125472	-1.47712125472	-1.47712125472	-1.47712125472	-1.47712125472	-1.47712125472	0	0	0	1	0	1	0	0
mlv1.t1_2.regression.systemic_terminal_pk.7f7368999ce162fd	T1/2	log10(h)	~	approximate	false	1	1	-0.47712125472	-0.47712125472	-0.47712125472	-0.47712125472	-0.47712125472	-0.47712125472	-0.47712125472	-0.47712125472	-0.47712125472	-0.47712125472	0	0	0	1	0	1	0	0
mlv1.t1_2.regression.systemic_terminal_pk.914c098c7070108e	T1/2	log10(h)	~	approximate	false	2	2	-0.124938736608	-0.120679049285	-0.103640299994	-0.01844655354	0.088045629528	0.194537812596	0.27973155905	0.296770308341	0.301029995664	0.088045629528	0.301205379163	0.212984366136	0.212984366136	0.5	0	1	1	0
mlv1.t1_2.regression.systemic_terminal_pk.93977e2909d900c2	T1/2	log10(h)	<	upper_bound	false	1	1	-1.07918124605	-1.07918124605	-1.07918124605	-1.07918124605	-1.07918124605	-1.07918124605	-1.07918124605	-1.07918124605	-1.07918124605	-1.07918124605	0	0	0	1	0	1	0	0
mlv1.t1_2.regression.systemic_terminal_pk.93977e2909d900c2	T1/2	log10(h)	>	lower_bound	false	1	1	0	0	0	0	0	0	0	0	0	0	0	0	0	1	1	0	0	0
mlv1.t1_2.regression.systemic_terminal_pk.ac88d06dbb5e5e17	T1/2	log10(h)	~	approximate	false	3	3	0.698970004336	0.700057157582	0.704405770568	0.726148835497	0.753327666659	0.793980136497	0.826502112368	0.833006507542	0.834632606336	0.762310092444	0.0682758989328	0.067831301	0.054357662323	0.333333333333	0	0	3	0
mlv1.t1_2.regression.systemic_terminal_pk.ace54304c4d16974	T1/2	log10(h)	~	approximate	false	1	1	0.301029995664	0.301029995664	0.301029995664	0.301029995664	0.301029995664	0.301029995664	0.301029995664	0.301029995664	0.301029995664	0.301029995664	0	0	0	1	0	0	1	0
mlv1.t1_2.regression.systemic_terminal_pk.b3ed4e176d40eb3b	T1/2	log10(h)	<	upper_bound	false	1	1	-0.602059991328	-0.602059991328	-0.602059991328	-0.602059991328	-0.602059991328	-0.602059991328	-0.602059991328	-0.602059991328	-0.602059991328	-0.602059991328	0	0	0	1	0	1	0	0
mlv1.t1_2.regression.systemic_terminal_pk.be34908dd12a467d	T1/2	log10(h)	<	upper_bound	false	1	1	-0.778151250384	-0.778151250384	-0.778151250384	-0.778151250384	-0.778151250384	-0.778151250384	-0.778151250384	-0.778151250384	-0.778151250384	-0.778151250384	0	0	0	1	0	1	0	0
mlv1.t1_2.regression.systemic_terminal_pk.bfadb866bf932c68	T1/2	log10(h)	~	approximate	false	1	1	-1.07918124605	-1.07918124605	-1.07918124605	-1.07918124605	-1.07918124605	-1.07918124605	-1.07918124605	-1.07918124605	-1.07918124605	-1.07918124605	0	0	0	1	0	1	0	0
mlv1.t1_2.regression.systemic_terminal_pk.ca7341255cbf79ce	T1/2	log10(h)	>	lower_bound	false	1	1	0.778151250384	0.778151250384	0.778151250384	0.778151250384	0.778151250384	0.778151250384	0.778151250384	0.778151250384	0.778151250384	0.778151250384	0	0	0	1	0	0	1	0
mlv1.t1_2.regression.systemic_terminal_pk.cffedd6ca0206f92	T1/2	log10(h)	~	approximate	false	2	2	0.255272505103	0.257538981428	0.266604886728	0.311934413227	0.368596321352	0.425258229476	0.470587755976	0.479653661276	0.481920137601	0.368596321352	0.160264077879	0.113323816249	0.113323816249	0.5	0	0	2	0
mlv1.t1_2.regression.systemic_terminal_pk.dc73b2e13aed016f	T1/2	log10(h)	~	approximate	false	1	1	0.447158031342	0.447158031342	0.447158031342	0.447158031342	0.447158031342	0.447158031342	0.447158031342	0.447158031342	0.447158031342	0.447158031342	0	0	0	1	0	0	1	0
mlv1.t1_2.regression.systemic_terminal_pk.e943cd3e4435b6f5	T1/2	log10(h)	~	approximate	false	1	1	1.17609125906	1.17609125906	1.17609125906	1.17609125906	1.17609125906	1.17609125906	1.17609125906	1.17609125906	1.17609125906	1.17609125906	0	0	0	1	0	0	1	0
mlv1.t1_2.regression.systemic_terminal_pk.ed41a07822e30c04	T1/2	log10(h)	>	lower_bound	false	1	1	0.903089986992	0.903089986992	0.903089986992	0.903089986992	0.903089986992	0.903089986992	0.903089986992	0.903089986992	0.903089986992	0.903089986992	0	0	0	1	0	0	1	0
mlv1.t1_2.regression.systemic_terminal_pk.efc1fe9251c9b354	T1/2	log10(h)	~	approximate	false	2	1	2	2	2	2	2	2	2	2	2	2	0	0	0	1	0	0	2	0
mlv1.t1_2.regression.systemic_terminal_pk.f4e4a3e8cdd32670	T1/2	log10(h)	<	upper_bound	false	1	1	-1.47712125472	-1.47712125472	-1.47712125472	-1.47712125472	-1.47712125472	-1.47712125472	-1.47712125472	-1.47712125472	-1.47712125472	-1.47712125472	0	0	0	1	0	1	0	0
