endpoint_family	partition	field	rows	missing_rows	missing_fraction
BBB	binary_evidence_catalog	task_id	844	0	0
BBB	binary_evidence_catalog	identity_group_id	844	0	0
BBB	binary_evidence_catalog	representation_text	844	0	0
BBB	binary_evidence_catalog	sequence	844	0	0
BBB	binary_evidence_catalog	source_id	844	0	0
BBB	binary_evidence_catalog	source_group_ids	844	0	0
BBB	binary_evidence_catalog	raw_endpoint_detail	844	0	0
BBB	binary_evidence_catalog	raw_unit	844	844	1
BBB	binary_evidence_catalog	normalized_value	844	0	0
BBB	binary_evidence_catalog	normalized_unit	844	0	0
BBB	binary_evidence_catalog	raw_species	844	844	1
BBB	binary_evidence_catalog	raw_matrix	844	844	1
BBB	binary_evidence_catalog	raw_assay	844	844	1
BBB	binary_evidence_catalog	raw_route	844	844	1
BBB	binary_evidence_catalog	raw_dose	844	844	1
BBB	binary_evidence_catalog	raw_timepoint	844	844	1
BBB	positive_unlabeled	task_id	136	0	0
BBB	positive_unlabeled	identity_group_id	136	0	0
BBB	positive_unlabeled	representation_text	136	0	0
BBB	positive_unlabeled	sequence	136	0	0
BBB	positive_unlabeled	source_id	136	0	0
BBB	positive_unlabeled	source_group_ids	136	0	0
BBB	positive_unlabeled	raw_endpoint_detail	136	0	0
BBB	positive_unlabeled	raw_unit	136	136	1
BBB	positive_unlabeled	normalized_value	136	0	0
BBB	positive_unlabeled	normalized_unit	136	0	0
BBB	positive_unlabeled	raw_species	136	136	1
BBB	positive_unlabeled	raw_matrix	136	136	1
BBB	positive_unlabeled	raw_assay	136	136	1
BBB	positive_unlabeled	raw_route	136	136	1
BBB	positive_unlabeled	raw_dose	136	136	1
BBB	positive_unlabeled	raw_timepoint	136	136	1
CL	identity_review	task_id	17	0	0
CL	identity_review	identity_group_id	17	17	1
CL	identity_review	representation_text	17	17	1
CL	identity_review	sequence	17	0	0
CL	identity_review	source_id	17	0	0
CL	identity_review	source_group_ids	17	0	0
CL	identity_review	raw_endpoint_detail	17	0	0
CL	identity_review	raw_unit	17	0	0
CL	identity_review	normalized_value	17	0	0
CL	identity_review	normalized_unit	17	0	0
CL	identity_review	raw_species	17	0	0
CL	identity_review	raw_matrix	17	0	0
CL	identity_review	raw_assay	17	0	0
CL	identity_review	raw_route	17	11	0.647058823529
CL	identity_review	raw_dose	17	17	1
CL	identity_review	raw_timepoint	17	17	1
CL	normalization_review	task_id	11	0	0
CL	normalization_review	identity_group_id	11	0	0
CL	normalization_review	representation_text	11	0	0
CL	normalization_review	sequence	11	9	0.818181818182
CL	normalization_review	source_id	11	0	0
CL	normalization_review	source_group_ids	11	0	0
CL	normalization_review	raw_endpoint_detail	11	0	0
CL	normalization_review	raw_unit	11	9	0.818181818182
CL	normalization_review	normalized_value	11	11	1
CL	normalization_review	normalized_unit	11	11	1
CL	normalization_review	raw_species	11	11	1
CL	normalization_review	raw_matrix	11	2	0.181818181818
CL	normalization_review	raw_assay	11	2	0.181818181818
CL	normalization_review	raw_route	11	11	1
CL	normalization_review	raw_dose	11	11	1
CL	normalization_review	raw_timepoint	11	11	1
CL	semantic_review	task_id	16	0	0
CL	semantic_review	identity_group_id	16	0	0
CL	semantic_review	representation_text	16	0	0
CL	semantic_review	sequence	16	4	0.25
CL	semantic_review	source_id	16	0	0
CL	semantic_review	source_group_ids	16	0	0
CL	semantic_review	raw_endpoint_detail	16	0	0
CL	semantic_review	raw_unit	16	0	0
CL	semantic_review	normalized_value	16	0	0
CL	semantic_review	normalized_unit	16	0	0
CL	semantic_review	raw_species	16	0	0
CL	semantic_review	raw_matrix	16	0	0
CL	semantic_review	raw_assay	16	0	0
CL	semantic_review	raw_route	16	0	0
CL	semantic_review	raw_dose	16	0	0
CL	semantic_review	raw_timepoint	16	4	0.25
CL	strict_numeric	task_id	49	0	0
CL	strict_numeric	identity_group_id	49	0	0
CL	strict_numeric	representation_text	49	0	0
CL	strict_numeric	sequence	49	17	0.34693877551
CL	strict_numeric	source_id	49	0	0
CL	strict_numeric	source_group_ids	49	0	0
CL	strict_numeric	raw_endpoint_detail	49	0	0
CL	strict_numeric	raw_unit	49	0	0
CL	strict_numeric	normalized_value	49	0	0
CL	strict_numeric	normalized_unit	49	0	0
CL	strict_numeric	raw_species	49	7	0.142857142857
CL	strict_numeric	raw_matrix	49	0	0
CL	strict_numeric	raw_assay	49	0	0
CL	strict_numeric	raw_route	49	7	0.142857142857
CL	strict_numeric	raw_dose	49	16	0.326530612245
CL	strict_numeric	raw_timepoint	49	21	0.428571428571
F	censored_numeric	task_id	3	0	0
F	censored_numeric	identity_group_id	3	0	0
F	censored_numeric	representation_text	3	0	0
F	censored_numeric	sequence	3	0	0
F	censored_numeric	source_id	3	0	0
F	censored_numeric	source_group_ids	3	0	0
F	censored_numeric	raw_endpoint_detail	3	0	0
F	censored_numeric	raw_unit	3	0	0
F	censored_numeric	normalized_value	3	0	0
F	censored_numeric	normalized_unit	3	0	0
F	censored_numeric	raw_species	3	0	0
F	censored_numeric	raw_matrix	3	3	1
F	censored_numeric	raw_assay	3	0	0
F	censored_numeric	raw_route	3	0	0
F	censored_numeric	raw_dose	3	3	1
F	censored_numeric	raw_timepoint	3	3	1
F	identity_review	task_id	6	0	0
F	identity_review	identity_group_id	6	6	1
F	identity_review	representation_text	6	6	1
F	identity_review	sequence	6	0	0
F	identity_review	source_id	6	0	0
F	identity_review	source_group_ids	6	0	0
F	identity_review	raw_endpoint_detail	6	0	0
F	identity_review	raw_unit	6	0	0
F	identity_review	normalized_value	6	0	0
F	identity_review	normalized_unit	6	0	0
F	identity_review	raw_species	6	0	0
F	identity_review	raw_matrix	6	0	0
F	identity_review	raw_assay	6	0	0
F	identity_review	raw_route	6	0	0
F	identity_review	raw_dose	6	6	1
F	identity_review	raw_timepoint	6	6	1
F	semantic_review	task_id	23	0	0
F	semantic_review	identity_group_id	23	0	0
F	semantic_review	representation_text	23	0	0
F	semantic_review	sequence	23	4	0.173913043478
F	semantic_review	source_id	23	0	0
F	semantic_review	source_group_ids	23	0	0
F	semantic_review	raw_endpoint_detail	23	0	0
F	semantic_review	raw_unit	23	0	0
F	semantic_review	normalized_value	23	0	0
F	semantic_review	normalized_unit	23	0	0
F	semantic_review	raw_species	23	0	0
F	semantic_review	raw_matrix	23	21	0.913043478261
F	semantic_review	raw_assay	23	0	0
F	semantic_review	raw_route	23	0	0
F	semantic_review	raw_dose	23	23	1
F	semantic_review	raw_timepoint	23	23	1
F	strict_numeric	task_id	12	0	0
F	strict_numeric	identity_group_id	12	0	0
F	strict_numeric	representation_text	12	0	0
F	strict_numeric	sequence	12	6	0.5
F	strict_numeric	source_id	12	0	0
F	strict_numeric	source_group_ids	12	0	0
F	strict_numeric	raw_endpoint_detail	12	0	0
F	strict_numeric	raw_unit	12	0	0
F	strict_numeric	normalized_value	12	0	0
F	strict_numeric	normalized_unit	12	0	0
F	strict_numeric	raw_species	12	0	0
F	strict_numeric	raw_matrix	12	0	0
F	strict_numeric	raw_assay	12	0	0
F	strict_numeric	raw_route	12	0	0
F	strict_numeric	raw_dose	12	6	0.5
F	strict_numeric	raw_timepoint	12	12	1
LogD	identity_review	task_id	69	0	0
LogD	identity_review	identity_group_id	69	69	1
LogD	identity_review	representation_text	69	69	1
LogD	identity_review	sequence	69	0	0
LogD	identity_review	source_id	69	0	0
LogD	identity_review	source_group_ids	69	0	0
LogD	identity_review	raw_endpoint_detail	69	0	0
LogD	identity_review	raw_unit	69	0	0
LogD	identity_review	normalized_value	69	0	0
LogD	identity_review	normalized_unit	69	0	0
LogD	identity_review	raw_species	69	69	1
LogD	identity_review	raw_matrix	69	69	1
LogD	identity_review	raw_assay	69	0	0
LogD	identity_review	raw_route	69	69	1
LogD	identity_review	raw_dose	69	69	1
LogD	identity_review	raw_timepoint	69	69	1
LogD	normalization_review	task_id	3	0	0
LogD	normalization_review	identity_group_id	3	0	0
LogD	normalization_review	representation_text	3	0	0
LogD	normalization_review	sequence	3	0	0
LogD	normalization_review	source_id	3	0	0
LogD	normalization_review	source_group_ids	3	0	0
LogD	normalization_review	raw_endpoint_detail	3	0	0
LogD	normalization_review	raw_unit	3	0	0
LogD	normalization_review	normalized_value	3	3	1
LogD	normalization_review	normalized_unit	3	3	1
LogD	normalization_review	raw_species	3	3	1
LogD	normalization_review	raw_matrix	3	3	1
LogD	normalization_review	raw_assay	3	3	1
LogD	normalization_review	raw_route	3	3	1
LogD	normalization_review	raw_dose	3	3	1
LogD	normalization_review	raw_timepoint	3	3	1
LogD	strict_numeric	task_id	79	0	0
LogD	strict_numeric	identity_group_id	79	0	0
LogD	strict_numeric	representation_text	79	0	0
LogD	strict_numeric	sequence	79	22	0.278481012658
LogD	strict_numeric	source_id	79	0	0
LogD	strict_numeric	source_group_ids	79	0	0
LogD	strict_numeric	raw_endpoint_detail	79	0	0
LogD	strict_numeric	raw_unit	79	0	0
LogD	strict_numeric	normalized_value	79	0	0
LogD	strict_numeric	normalized_unit	79	0	0
LogD	strict_numeric	raw_species	79	79	1
LogD	strict_numeric	raw_matrix	79	79	1
LogD	strict_numeric	raw_assay	79	0	0
LogD	strict_numeric	raw_route	79	79	1
LogD	strict_numeric	raw_dose	79	79	1
LogD	strict_numeric	raw_timepoint	79	79	1
PPB	censored_numeric	task_id	7	0	0
PPB	censored_numeric	identity_group_id	7	0	0
PPB	censored_numeric	representation_text	7	0	0
PPB	censored_numeric	sequence	7	2	0.285714285714
PPB	censored_numeric	source_id	7	0	0
PPB	censored_numeric	source_group_ids	7	0	0
PPB	censored_numeric	raw_endpoint_detail	7	0	0
PPB	censored_numeric	raw_unit	7	0	0
PPB	censored_numeric	normalized_value	7	0	0
PPB	censored_numeric	normalized_unit	7	0	0
PPB	censored_numeric	raw_species	7	0	0
PPB	censored_numeric	raw_matrix	7	0	0
PPB	censored_numeric	raw_assay	7	0	0
PPB	censored_numeric	raw_route	7	0	0
PPB	censored_numeric	raw_dose	7	7	1
PPB	censored_numeric	raw_timepoint	7	7	1
PPB	identity_review	task_id	19	0	0
PPB	identity_review	identity_group_id	19	19	1
PPB	identity_review	representation_text	19	19	1
PPB	identity_review	sequence	19	0	0
PPB	identity_review	source_id	19	0	0
PPB	identity_review	source_group_ids	19	0	0
PPB	identity_review	raw_endpoint_detail	19	0	0
PPB	identity_review	raw_unit	19	0	0
PPB	identity_review	normalized_value	19	0	0
PPB	identity_review	normalized_unit	19	0	0
PPB	identity_review	raw_species	19	0	0
PPB	identity_review	raw_matrix	19	0	0
PPB	identity_review	raw_assay	19	0	0
PPB	identity_review	raw_route	19	19	1
PPB	identity_review	raw_dose	19	19	1
PPB	identity_review	raw_timepoint	19	19	1
PPB	normalization_review	task_id	7	0	0
PPB	normalization_review	identity_group_id	7	0	0
PPB	normalization_review	representation_text	7	0	0
PPB	normalization_review	sequence	7	0	0
PPB	normalization_review	source_id	7	0	0
PPB	normalization_review	source_group_ids	7	0	0
PPB	normalization_review	raw_endpoint_detail	7	0	0
PPB	normalization_review	raw_unit	7	0	0
PPB	normalization_review	normalized_value	7	7	1
PPB	normalization_review	normalized_unit	7	7	1
PPB	normalization_review	raw_species	7	7	1
PPB	normalization_review	raw_matrix	7	7	1
PPB	normalization_review	raw_assay	7	7	1
PPB	normalization_review	raw_route	7	7	1
PPB	normalization_review	raw_dose	7	7	1
PPB	normalization_review	raw_timepoint	7	7	1
PPB	semantic_review	task_id	4	0	0
PPB	semantic_review	identity_group_id	4	0	0
PPB	semantic_review	representation_text	4	0	0
PPB	semantic_review	sequence	4	0	0
PPB	semantic_review	source_id	4	0	0
PPB	semantic_review	source_group_ids	4	0	0
PPB	semantic_review	raw_endpoint_detail	4	0	0
PPB	semantic_review	raw_unit	4	0	0
PPB	semantic_review	normalized_value	4	0	0
PPB	semantic_review	normalized_unit	4	0	0
PPB	semantic_review	raw_species	4	0	0
PPB	semantic_review	raw_matrix	4	0	0
PPB	semantic_review	raw_assay	4	0	0
PPB	semantic_review	raw_route	4	2	0.5
PPB	semantic_review	raw_dose	4	0	0
PPB	semantic_review	raw_timepoint	4	0	0
PPB	strict_numeric	task_id	103	0	0
PPB	strict_numeric	identity_group_id	103	0	0
PPB	strict_numeric	representation_text	103	0	0
PPB	strict_numeric	sequence	103	13	0.126213592233
PPB	strict_numeric	source_id	103	0	0
PPB	strict_numeric	source_group_ids	103	0	0
PPB	strict_numeric	raw_endpoint_detail	103	0	0
PPB	strict_numeric	raw_unit	103	0	0
PPB	strict_numeric	normalized_value	103	0	0
PPB	strict_numeric	normalized_unit	103	0	0
PPB	strict_numeric	raw_species	103	16	0.155339805825
PPB	strict_numeric	raw_matrix	103	0	0
PPB	strict_numeric	raw_assay	103	0	0
PPB	strict_numeric	raw_route	103	60	0.582524271845
PPB	strict_numeric	raw_dose	103	73	0.708737864078
PPB	strict_numeric	raw_timepoint	103	62	0.601941747573
T1/2	binary_evidence_catalog	task_id	918	0	0
T1/2	binary_evidence_catalog	identity_group_id	918	0	0
T1/2	binary_evidence_catalog	representation_text	918	0	0
T1/2	binary_evidence_catalog	sequence	918	0	0
T1/2	binary_evidence_catalog	source_id	918	0	0
T1/2	binary_evidence_catalog	source_group_ids	918	0	0
T1/2	binary_evidence_catalog	raw_endpoint_detail	918	0	0
T1/2	binary_evidence_catalog	raw_unit	918	918	1
T1/2	binary_evidence_catalog	normalized_value	918	0	0
T1/2	binary_evidence_catalog	normalized_unit	918	0	0
T1/2	binary_evidence_catalog	raw_species	918	918	1
T1/2	binary_evidence_catalog	raw_matrix	918	918	1
T1/2	binary_evidence_catalog	raw_assay	918	918	1
T1/2	binary_evidence_catalog	raw_route	918	918	1
T1/2	binary_evidence_catalog	raw_dose	918	918	1
T1/2	binary_evidence_catalog	raw_timepoint	918	918	1
T1/2	censored_numeric	task_id	195	0	0
T1/2	censored_numeric	identity_group_id	195	0	0
T1/2	censored_numeric	representation_text	195	0	0
T1/2	censored_numeric	sequence	195	3	0.0153846153846
T1/2	censored_numeric	source_id	195	0	0
T1/2	censored_numeric	source_group_ids	195	0	0
T1/2	censored_numeric	raw_endpoint_detail	195	0	0
T1/2	censored_numeric	raw_unit	195	0	0
T1/2	censored_numeric	normalized_value	195	0	0
T1/2	censored_numeric	normalized_unit	195	0	0
T1/2	censored_numeric	raw_species	195	188	0.964102564103
T1/2	censored_numeric	raw_matrix	195	5	0.025641025641
T1/2	censored_numeric	raw_assay	195	0	0
T1/2	censored_numeric	raw_route	195	4	0.0205128205128
T1/2	censored_numeric	raw_dose	195	195	1
T1/2	censored_numeric	raw_timepoint	195	195	1
T1/2	identity_review	task_id	964	0	0
T1/2	identity_review	identity_group_id	964	964	1
T1/2	identity_review	representation_text	964	964	1
T1/2	identity_review	sequence	964	0	0
T1/2	identity_review	source_id	964	0	0
T1/2	identity_review	source_group_ids	964	0	0
T1/2	identity_review	raw_endpoint_detail	964	0	0
T1/2	identity_review	raw_unit	964	0	0
T1/2	identity_review	normalized_value	964	1	0.00103734439834
T1/2	identity_review	normalized_unit	964	1	0.00103734439834
T1/2	identity_review	raw_species	964	922	0.95643153527
T1/2	identity_review	raw_matrix	964	0	0
T1/2	identity_review	raw_assay	964	0	0
T1/2	identity_review	raw_route	964	55	0.0570539419087
T1/2	identity_review	raw_dose	964	964	1
T1/2	identity_review	raw_timepoint	964	964	1
T1/2	normalization_review	task_id	69	0	0
T1/2	normalization_review	identity_group_id	69	0	0
T1/2	normalization_review	representation_text	69	0	0
T1/2	normalization_review	sequence	69	0	0
T1/2	normalization_review	source_id	69	0	0
T1/2	normalization_review	source_group_ids	69	0	0
T1/2	normalization_review	raw_endpoint_detail	69	0	0
T1/2	normalization_review	raw_unit	69	0	0
T1/2	normalization_review	normalized_value	69	18	0.260869565217
T1/2	normalization_review	normalized_unit	69	18	0.260869565217
T1/2	normalization_review	raw_species	69	69	1
T1/2	normalization_review	raw_matrix	69	3	0.0434782608696
T1/2	normalization_review	raw_assay	69	3	0.0434782608696
T1/2	normalization_review	raw_route	69	3	0.0434782608696
T1/2	normalization_review	raw_dose	69	69	1
T1/2	normalization_review	raw_timepoint	69	69	1
T1/2	semantic_review	task_id	1394	0	0
T1/2	semantic_review	identity_group_id	1394	0	0
T1/2	semantic_review	representation_text	1394	0	0
T1/2	semantic_review	sequence	1394	6	0.00430416068867
T1/2	semantic_review	source_id	1394	0	0
T1/2	semantic_review	source_group_ids	1394	0	0
T1/2	semantic_review	raw_endpoint_detail	1394	0	0
T1/2	semantic_review	raw_unit	1394	0	0
T1/2	semantic_review	normalized_value	1394	0	0
T1/2	semantic_review	normalized_unit	1394	0	0
T1/2	semantic_review	raw_species	1394	1388	0.995695839311
T1/2	semantic_review	raw_matrix	1394	0	0
T1/2	semantic_review	raw_assay	1394	0	0
T1/2	semantic_review	raw_route	1394	0	0
T1/2	semantic_review	raw_dose	1394	1390	0.997130559541
T1/2	semantic_review	raw_timepoint	1394	1394	1
T1/2	strict_numeric	task_id	1392	0	0
T1/2	strict_numeric	identity_group_id	1392	0	0
T1/2	strict_numeric	representation_text	1392	0	0
T1/2	strict_numeric	sequence	1392	16	0.0114942528736
T1/2	strict_numeric	source_id	1392	0	0
T1/2	strict_numeric	source_group_ids	1392	0	0
T1/2	strict_numeric	raw_endpoint_detail	1392	0	0
T1/2	strict_numeric	raw_unit	1392	0	0
T1/2	strict_numeric	normalized_value	1392	0	0
T1/2	strict_numeric	normalized_unit	1392	0	0
T1/2	strict_numeric	raw_species	1392	1325	0.951867816092
T1/2	strict_numeric	raw_matrix	1392	43	0.0308908045977
T1/2	strict_numeric	raw_assay	1392	0	0
T1/2	strict_numeric	raw_route	1392	29	0.0208333333333
T1/2	strict_numeric	raw_dose	1392	1392	1
T1/2	strict_numeric	raw_timepoint	1392	1392	1
Vd	identity_review	task_id	6	0	0
Vd	identity_review	identity_group_id	6	6	1
Vd	identity_review	representation_text	6	6	1
Vd	identity_review	sequence	6	0	0
Vd	identity_review	source_id	6	0	0
Vd	identity_review	source_group_ids	6	0	0
Vd	identity_review	raw_endpoint_detail	6	0	0
Vd	identity_review	raw_unit	6	0	0
Vd	identity_review	normalized_value	6	0	0
Vd	identity_review	normalized_unit	6	0	0
Vd	identity_review	raw_species	6	0	0
Vd	identity_review	raw_matrix	6	0	0
Vd	identity_review	raw_assay	6	0	0
Vd	identity_review	raw_route	6	0	0
Vd	identity_review	raw_dose	6	6	1
Vd	identity_review	raw_timepoint	6	6	1
Vd	semantic_review	task_id	14	0	0
Vd	semantic_review	identity_group_id	14	0	0
Vd	semantic_review	representation_text	14	0	0
Vd	semantic_review	sequence	14	4	0.285714285714
Vd	semantic_review	source_id	14	0	0
Vd	semantic_review	source_group_ids	14	0	0
Vd	semantic_review	raw_endpoint_detail	14	0	0
Vd	semantic_review	raw_unit	14	0	0
Vd	semantic_review	normalized_value	14	0	0
Vd	semantic_review	normalized_unit	14	0	0
Vd	semantic_review	raw_species	14	0	0
Vd	semantic_review	raw_matrix	14	0	0
Vd	semantic_review	raw_assay	14	0	0
Vd	semantic_review	raw_route	14	0	0
Vd	semantic_review	raw_dose	14	0	0
Vd	semantic_review	raw_timepoint	14	4	0.285714285714
Vd	strict_numeric	task_id	38	0	0
Vd	strict_numeric	identity_group_id	38	0	0
Vd	strict_numeric	representation_text	38	0	0
Vd	strict_numeric	sequence	38	5	0.131578947368
Vd	strict_numeric	source_id	38	0	0
Vd	strict_numeric	source_group_ids	38	0	0
Vd	strict_numeric	raw_endpoint_detail	38	0	0
Vd	strict_numeric	raw_unit	38	0	0
Vd	strict_numeric	normalized_value	38	0	0
Vd	strict_numeric	normalized_unit	38	0	0
Vd	strict_numeric	raw_species	38	0	0
Vd	strict_numeric	raw_matrix	38	0	0
Vd	strict_numeric	raw_assay	38	0	0
Vd	strict_numeric	raw_route	38	0	0
Vd	strict_numeric	raw_dose	38	4	0.105263157895
Vd	strict_numeric	raw_timepoint	38	9	0.236842105263
cell_penetration	positive_unlabeled	task_id	784	0	0
cell_penetration	positive_unlabeled	identity_group_id	784	0	0
cell_penetration	positive_unlabeled	representation_text	784	0	0
cell_penetration	positive_unlabeled	sequence	784	0	0
cell_penetration	positive_unlabeled	source_id	784	0	0
cell_penetration	positive_unlabeled	source_group_ids	784	0	0
cell_penetration	positive_unlabeled	raw_endpoint_detail	784	0	0
cell_penetration	positive_unlabeled	raw_unit	784	784	1
cell_penetration	positive_unlabeled	normalized_value	784	0	0
cell_penetration	positive_unlabeled	normalized_unit	784	0	0
cell_penetration	positive_unlabeled	raw_species	784	784	1
cell_penetration	positive_unlabeled	raw_matrix	784	784	1
cell_penetration	positive_unlabeled	raw_assay	784	784	1
cell_penetration	positive_unlabeled	raw_route	784	784	1
cell_penetration	positive_unlabeled	raw_dose	784	784	1
cell_penetration	positive_unlabeled	raw_timepoint	784	784	1
permeability	censored_numeric	task_id	25	0	0
permeability	censored_numeric	identity_group_id	25	0	0
permeability	censored_numeric	representation_text	25	0	0
permeability	censored_numeric	sequence	25	25	1
permeability	censored_numeric	source_id	25	0	0
permeability	censored_numeric	source_group_ids	25	0	0
permeability	censored_numeric	raw_endpoint_detail	25	0	0
permeability	censored_numeric	raw_unit	25	0	0
permeability	censored_numeric	normalized_value	25	0	0
permeability	censored_numeric	normalized_unit	25	0	0
permeability	censored_numeric	raw_species	25	25	1
permeability	censored_numeric	raw_matrix	25	0	0
permeability	censored_numeric	raw_assay	25	0	0
permeability	censored_numeric	raw_route	25	25	1
permeability	censored_numeric	raw_dose	25	25	1
permeability	censored_numeric	raw_timepoint	25	25	1
permeability	normalization_review	task_id	16	0	0
permeability	normalization_review	identity_group_id	16	0	0
permeability	normalization_review	representation_text	16	0	0
permeability	normalization_review	sequence	16	16	1
permeability	normalization_review	source_id	16	0	0
permeability	normalization_review	source_group_ids	16	0	0
permeability	normalization_review	raw_endpoint_detail	16	0	0
permeability	normalization_review	raw_unit	16	0	0
permeability	normalization_review	normalized_value	16	16	1
permeability	normalization_review	normalized_unit	16	16	1
permeability	normalization_review	raw_species	16	16	1
permeability	normalization_review	raw_matrix	16	0	0
permeability	normalization_review	raw_assay	16	0	0
permeability	normalization_review	raw_route	16	16	1
permeability	normalization_review	raw_dose	16	16	1
permeability	normalization_review	raw_timepoint	16	16	1
permeability	semantic_review	task_id	439	0	0
permeability	semantic_review	identity_group_id	439	0	0
permeability	semantic_review	representation_text	439	0	0
permeability	semantic_review	sequence	439	290	0.660592255125
permeability	semantic_review	source_id	439	0	0
permeability	semantic_review	source_group_ids	439	0	0
permeability	semantic_review	raw_endpoint_detail	439	0	0
permeability	semantic_review	raw_unit	439	0	0
permeability	semantic_review	normalized_value	439	0	0
permeability	semantic_review	normalized_unit	439	0	0
permeability	semantic_review	raw_species	439	439	1
permeability	semantic_review	raw_matrix	439	149	0.339407744875
permeability	semantic_review	raw_assay	439	149	0.339407744875
permeability	semantic_review	raw_route	439	439	1
permeability	semantic_review	raw_dose	439	439	1
permeability	semantic_review	raw_timepoint	439	439	1
permeability	strict_numeric	task_id	9829	0	0
permeability	strict_numeric	identity_group_id	9829	0	0
permeability	strict_numeric	representation_text	9829	0	0
permeability	strict_numeric	sequence	9829	1559	0.158612269814
permeability	strict_numeric	source_id	9829	0	0
permeability	strict_numeric	source_group_ids	9829	0	0
permeability	strict_numeric	raw_endpoint_detail	9829	0	0
permeability	strict_numeric	raw_unit	9829	0	0
permeability	strict_numeric	normalized_value	9829	0	0
permeability	strict_numeric	normalized_unit	9829	0	0
permeability	strict_numeric	raw_species	9829	9810	0.998066944755
permeability	strict_numeric	raw_matrix	9829	8270	0.841387730186
permeability	strict_numeric	raw_assay	9829	8265	0.840879031438
permeability	strict_numeric	raw_route	9829	9829	1
permeability	strict_numeric	raw_dose	9829	9829	1
permeability	strict_numeric	raw_timepoint	9829	9821	0.999186082002
solubility	binary_evidence_catalog	task_id	2168	0	0
solubility	binary_evidence_catalog	identity_group_id	2168	0	0
solubility	binary_evidence_catalog	representation_text	2168	0	0
solubility	binary_evidence_catalog	sequence	2168	0	0
solubility	binary_evidence_catalog	source_id	2168	0	0
solubility	binary_evidence_catalog	source_group_ids	2168	0	0
solubility	binary_evidence_catalog	raw_endpoint_detail	2168	0	0
solubility	binary_evidence_catalog	raw_unit	2168	2168	1
solubility	binary_evidence_catalog	normalized_value	2168	0	0
solubility	binary_evidence_catalog	normalized_unit	2168	0	0
solubility	binary_evidence_catalog	raw_species	2168	2168	1
solubility	binary_evidence_catalog	raw_matrix	2168	2168	1
solubility	binary_evidence_catalog	raw_assay	2168	2168	1
solubility	binary_evidence_catalog	raw_route	2168	2168	1
solubility	binary_evidence_catalog	raw_dose	2168	2168	1
solubility	binary_evidence_catalog	raw_timepoint	2168	2168	1
solubility	semantic_review	task_id	231	0	0
solubility	semantic_review	identity_group_id	231	0	0
solubility	semantic_review	representation_text	231	0	0
solubility	semantic_review	sequence	231	0	0
solubility	semantic_review	source_id	231	0	0
solubility	semantic_review	source_group_ids	231	0	0
solubility	semantic_review	raw_endpoint_detail	231	0	0
solubility	semantic_review	raw_unit	231	0	0
solubility	semantic_review	normalized_value	231	0	0
solubility	semantic_review	normalized_unit	231	0	0
solubility	semantic_review	raw_species	231	231	1
solubility	semantic_review	raw_matrix	231	0	0
solubility	semantic_review	raw_assay	231	0	0
solubility	semantic_review	raw_route	231	231	1
solubility	semantic_review	raw_dose	231	231	1
solubility	semantic_review	raw_timepoint	231	231	1
solubility	strict_numeric	task_id	89	0	0
solubility	strict_numeric	identity_group_id	89	0	0
solubility	strict_numeric	representation_text	89	0	0
solubility	strict_numeric	sequence	89	6	0.0674157303371
solubility	strict_numeric	source_id	89	0	0
solubility	strict_numeric	source_group_ids	89	0	0
solubility	strict_numeric	raw_endpoint_detail	89	0	0
solubility	strict_numeric	raw_unit	89	0	0
solubility	strict_numeric	normalized_value	89	0	0
solubility	strict_numeric	normalized_unit	89	0	0
solubility	strict_numeric	raw_species	89	89	1
solubility	strict_numeric	raw_matrix	89	0	0
solubility	strict_numeric	raw_assay	89	0	0
solubility	strict_numeric	raw_route	89	89	1
solubility	strict_numeric	raw_dose	89	89	1
solubility	strict_numeric	raw_timepoint	89	89	1
