data_layer	endpoint	partition	rows	member_rows	model_residue_count_iqr	model_residue_count_mad	model_residue_count_max	model_residue_count_mean	model_residue_count_median	model_residue_count_min	model_residue_count_n	model_residue_count_negative_count	model_residue_count_p01	model_residue_count_p05	model_residue_count_p25	model_residue_count_p75	model_residue_count_p95	model_residue_count_p99	model_residue_count_positive_count	model_residue_count_sd	model_residue_count_top_value_fraction	model_residue_count_tukey_outlier_count	model_residue_count_unique_values	model_residue_count_zero_count	nonascii_representation_rows	projection_or_modified_rows	raw_exact_standard_20aa_rows	raw_modified_or_nonstandard_rows	raw_nonstandard_char_length_iqr	raw_nonstandard_char_length_mad	raw_nonstandard_char_length_max	raw_nonstandard_char_length_mean	raw_nonstandard_char_length_median	raw_nonstandard_char_length_min	raw_nonstandard_char_length_n	raw_nonstandard_char_length_negative_count	raw_nonstandard_char_length_p01	raw_nonstandard_char_length_p05	raw_nonstandard_char_length_p25	raw_nonstandard_char_length_p75	raw_nonstandard_char_length_p95	raw_nonstandard_char_length_p99	raw_nonstandard_char_length_positive_count	raw_nonstandard_char_length_sd	raw_nonstandard_char_length_top_value_fraction	raw_nonstandard_char_length_tukey_outlier_count	raw_nonstandard_char_length_unique_values	raw_nonstandard_char_length_zero_count	raw_sequence_missing_rows	raw_sequence_nonblank_rows	raw_sequence_present_rows	raw_standard_20aa_member_rows	raw_standard_20aa_rows	raw_standard_length_iqr	raw_standard_length_mad	raw_standard_length_max	raw_standard_length_mean	raw_standard_length_median	raw_standard_length_min	raw_standard_length_n	raw_standard_length_negative_count	raw_standard_length_p01	raw_standard_length_p05	raw_standard_length_p25	raw_standard_length_p75	raw_standard_length_p95	raw_standard_length_p99	raw_standard_length_positive_count	raw_standard_length_sd	raw_standard_length_top_value_fraction	raw_standard_length_tukey_outlier_count	raw_standard_length_unique_values	raw_standard_length_zero_count	representation_char_length_iqr	representation_char_length_mad	representation_char_length_max	representation_char_length_mean	representation_char_length_median	representation_char_length_min	representation_char_length_n	representation_char_length_negative_count	representation_char_length_p01	representation_char_length_p05	representation_char_length_p25	representation_char_length_p75	representation_char_length_p95	representation_char_length_p99	representation_char_length_positive_count	representation_char_length_sd	representation_char_length_top_value_fraction	representation_char_length_tukey_outlier_count	representation_char_length_unique_values	representation_char_length_zero_count	representation_prefix_error_rows	sequence_model_eligible_rows	structure_model_eligible_rows	unique_identity_groups	unique_raw_sequences	unique_selected_representations	unique_standard_sequences
ml_clean_partitions	BBB	binary_evidence_catalog	844	844	13	5	50	16.3957345972	13	5	844	0	5	6	9	22	37	44	844	9.92628970645	0.0912322274882	16	43	0	0	0	844	0							0												0		0	844	844	844	844	13	5	50	16.3957345972	13	5	844	0	5	6	9	22	37	44	844	9.92628970645	0.0912322274882	16	43	0	13	5	54	20.3957345972	17	9	844	0	9	10	13	26	41	48	844	9.92628970645	0.0912322274882	16	43	0	0	844	0	844	844	844	844
ml_clean_partitions	BBB	positive_unlabeled	136	136	14.75	5	52	15.9191176471	10	2	136	0	3	4	6.75	21.5	41.25	48.85	136	12.784860924	0.110294117647	2	34	0	0	0	67	69	10	5	41	14.5072463768	12	4	69	0	4	5	7	17	36.6	38.96	69	9.76431556652	0.130434782609	7	23	0	0	136	136	67	67	28	12	50	20.6865671642	19	2	67	0	2	3	8	36	41	50	67	14.1872851261	0.10447761194	0	27	0	34.5	12	128	57.7352941176	48	26	136	0	27.05	32	38.75	73.25	106.5	121.7	136	25.2604903897	0.0661764705882	2	47	0	0	0	136	136	135	136	67
ml_clean_partitions	CL	identity_review	17	17							0												0		0	17	17	0							0												0		0	17	17	17	17	0	0	6	6	6	6	17	0	6	6	6	6	6	6	17	0	1	0	1	0							0												0		0	0	0	0	1	0	1
ml_clean_partitions	CL	normalization_review	11	11	2	2	11	9	9	7	2	0	7.04	7.2	8	10	10.8	10.96	2	2.82842712475	0.5	0	2	0	0	0	1	1	0	0	11	11	11	11	1	0	11	11	11	11	11	11	1	0	1	0	1	0	9	2	2	1	1	0	0	6	6	6	6	1	0	6	6	6	6	6	6	1	0	1	0	1	0	21.5	8	136	101.090909091	109	41	11	0	45.5	63.5	90.5	112	126.5	134.1	11	24.4681611301	0.272727272727	1	9	0	0	0	11	11	2	11	1
ml_clean_partitions	CL	semantic_review	16	16	0	0	9	9	9	9	12	0	9	9	9	9	9	9	12	0	1	0	1	0	0	0	12	0							0												0		4	12	12	12	12	0	0	9	9	9	9	12	0	9	9	9	9	9	9	12	0	1	0	1	0	6	0	117	72.75	63	63	16	0	63	63	63	69	117	117	16	19.0840247327	0.75	4	3	0	0	0	16	3	1	3	1
ml_clean_partitions	CL	strict_numeric	49	49	15	10	39	22.2222222222	19	9	27	0	9	9	15	30	39	39	27	10.6096231113	0.222222222222	0	6	0	0	0	32	0							0												0		17	32	32	32	32	21	8	39	19.78125	17	9	32	0	9	9	9	30	39	39	32	10.9418827624	0.3125	0	6	0	80	38	262	125.87755102	125	22	49	0	22	22	78	158	262	262	49	66.4368850404	0.122448979592	0	19	0	0	4	45	20	6	20	6
ml_clean_partitions	F	censored_numeric	3	3							0												0		0	0	0	3	23	10	49	21.6666666667	13	3	3	0	3.2	4	8	31	45.4	48.28	3	24.1936630822	0.333333333333	0	3	0	0	3	3	0	0							0												0		389	104	859	375	185	81	3	0	83.08	91.4	133	522	791.6	845.52	3	422.369506475	0.333333333333	0	3	0	0	0	3	3	3	3	0
ml_clean_partitions	F	identity_review	6	6							0												0		0	6	6	0							0												0		0	6	6	6	6	0	0	6	6	6	6	6	0	6	6	6	6	6	6	6	0	1	0	1	0							0												0		0	0	0	0	1	0	1
ml_clean_partitions	F	semantic_review	23	23							0												0		0	0	2	17	26	6	43	19.1764705882	14	3	17	0	3	3	9	35	39.8	42.36	17	13.8032391765	0.176470588235	0	12	0	4	19	19	2	2	0.5	0.5	34	33.5	33.5	33	2	0	33.01	33.05	33.25	33.75	33.95	33.99	2	0.707106781187	0.5	0	2	0	427.5	83	799	334.304347826	241	67	23	0	67.44	75.5	159	586.5	786.5	798.12	23	249.39972202	0.0869565217391	0	21	0	0	0	23	22	19	22	2
ml_clean_partitions	F	strict_numeric	12	12	0	0	18	18	18	18	3	0	18	18	18	18	18	18	3	0	1	0	1	0	0	0	6	0							0												0		6	6	6	6	6	16	8	34	26	26	18	6	0	18	18	18	34	34	34	6	8.76356092008	0.5	0	2	0	177.5	71	705	260.916666667	159	22	12	0	22	22	121	298.5	705	705	12	274.037309448	0.25	3	6	0	0	3	9	6	2	6	2
ml_clean_partitions	LogD	identity_review	69	69							0												0		0	69	69	0							0												0		0	69	69	69	69	4	1	8	5.08695652174	6	2	69	0	2	2	2	6	8	8	69	2.19450604408	0.376811594203	0	5	0							0												0		0	0	0	0	14	0	14
ml_clean_partitions	LogD	normalization_review	3	3	3.5	0	11	6.33333333333	4	4	3	0	4	4	4	7.5	10.3	10.86	3	4.04145188433	0.666666666667	0	2	0	0	0	0	3	4.5	1	12	6.33333333333	4	3	3	0	3.02	3.1	3.5	8	11.2	11.84	3	4.93288286232	0.333333333333	0	3	0	0	3	3	0	0							0												0		45	5	125	66.6666666667	40	35	3	0	35.1	35.5	37.5	82.5	116.5	123.3	3	50.579969685	0.333333333333	0	3	0	0	0	3	3	3	3	0
ml_clean_partitions	LogD	strict_numeric	79	79							0												0		0	57	13	44	4	2	31	23.1363636364	23	19	44	0	19	19	21	25	30.7	31	44	3.3797681845	0.340909090909	0	7	0	22	57	57	13	13	3	0	14	11.0769230769	10	10	13	0	10	10	10	13	14	14	13	1.70594736444	0.692307692308	0	3	0	82	21	338	181.607594937	195	56	79	0	56	59	129	211	308.3	331.76	79	67.9142403634	0.0506329113924	1	58	0	0	0	79	79	55	79	11
ml_clean_partitions	PPB	censored_numeric	7	7							0												0		0	0	0	5	18	11	35	15.2	14	3	5	0	3	3	3	21	32.2	34.44	5	13.4610549364	0.4	0	4	0	2	5	5	0	0							0												0		291	156	633	292.142857143	315	55	7	0	55.72	58.6	115	406	584.4	623.28	7	213.965284234	0.142857142857	0	7	0	0	0	7	7	5	7	0
ml_clean_partitions	PPB	identity_review	19	19							0												0		0	19	19	0							0												0		0	19	19	19	19	0	0	6	6	6	6	19	0	6	6	6	6	6	6	19	0	1	0	1	0							0												0		0	0	0	0	2	0	2
ml_clean_partitions	PPB	normalization_review	7	7	1.5	1	11	7.57142857143	7	4	7	0	4.18	4.9	7	8.5	10.4	10.88	7	2.14919697074	0.428571428571	2	5	0	0	0	3	4	2.5	2	11	7.5	7.5	4	4	0	4.09	4.45	6.25	8.75	10.55	10.91	4	2.88675134595	0.25	0	4	0	0	7	7	3	3	0.5	0	7	6.33333333333	6	6	3	0	6	6	6	6.5	6.9	6.98	3	0.57735026919	0.666666666667	0	2	0	68	35	136	78.8571428571	76	40	7	0	40.06	40.3	41	109	127.9	134.38	7	39.7216505675	0.285714285714	0	5	0	0	0	7	6	6	6	2
ml_clean_partitions	PPB	semantic_review	4	4							0												0		0	0	0	4	10	5	17	12	12	7	4	0	7	7	7	17	17	17	4	5.7735026919	0.5	0	2	0	0	4	4	0	0							0												0		27	13.5	278	264.5	264.5	251	4	0	251	251	251	278	278	278	4	15.5884572681	0.5	0	2	0	0	0	4	2	2	2	0
ml_clean_partitions	PPB	strict_numeric	103	103	7.25	2	21	12.2142857143	9	7	28	0	7	7	8.75	16	20.3	21	28	4.74034803268	0.321428571429	0	6	0	0	0	16	74	21	18	73	29.6351351351	35	3	74	0	3	5	14	35	67.1	73	74	18.8705571379	0.324324324324	4	25	0	13	90	90	16	16	1	0	9	8.375	9	7	16	0	7	7	8	9	9	9	16	0.80622577483	0.5625	0	3	0	521	117	808	298.582524272	206	54	103	0	59	61	112	633	633	798.92	103	236.26765	0.233009708738	0	54	0	0	0	103	69	55	69	16
ml_clean_partitions	T1/2	binary_evidence_catalog	918	918	19	6	100	20.4651416122	16	2	918	0	2	5	10	29	45.15	84	918	15.1927773882	0.225490196078	24	71	0	0	0	918	0							0												0		0	918	918	918	918	19	6	100	20.4651416122	16	2	918	0	2	5	10	29	45.15	84	918	15.1927773882	0.225490196078	24	71	0	19	6	104	24.4651416122	20	6	918	0	6	9	14	33	49.15	88	918	15.1927773882	0.225490196078	24	71	0	0	918	0	918	918	918	918
ml_clean_partitions	T1/2	censored_numeric	195	197	24.5	11	407	34.2413793103	22	3	174	0	3	5	11	35.5	84.4	372.56	174	57.7889253781	0.0804597701149	12	50	0	0	12	175	17	37	18	52	32	34	5	17	0	5.96	9.8	15	52	52	52	17	17.6635217327	0.352941176471	0	11	0	3	192	192	177	175	24	11	407	34.0914285714	22	3	175	0	3	5	11	35	84.2	372.28	175	57.656759687	0.08	12	50	0	54	30	992	128.630769231	74	10	195	0	24	28	42	96	639.5	992	195	204.283376753	0.0717948717949	23	65	0	0	1	194	122	120	124	109
ml_clean_partitions	T1/2	identity_review	964	964							0												0		0	964	66	834	34.75	16	1460	62.881294964	30	2	834	0	5	10	18	52.75	277	524.44	834	125.973849914	0.0551558752998	92	100	0	64	964	900	66	66	0	0	6	6	6	6	66	0	6	6	6	6	6	6	66	0	1	0	1	0							0												0		0	0	0	0	462	0	2
ml_clean_partitions	T1/2	normalization_review	69	70	9	3	39	15	12	5	67	0	6.98	8	11	20	23	36.36	67	6.56205806593	0.223880597015	2	13	0	0	2	64	5	10	1	24	15.4	11	10	5	0	10.04	10.2	11	21	23.4	23.88	5	6.58027355054	0.4	0	4	0	0	69	69	65	64	12.25	3.5	39	15.171875	12	5	64	0	6.89	8	10.75	23	23	36.48	64	6.66560631448	0.234375	0	13	0	24	6	399	56.4637681159	44	28	69	0	32.08	34	40	64	99	207.92	69	45.5975295094	0.217391304348	4	18	0	0	0	69	25	25	25	20
ml_clean_partitions	T1/2	semantic_review	1394	1421	29	12	865	45.9017651573	30	1	1303	0	3	5	11	40	165.9	365	1303	86.1303063191	0.0667689946278	112	85	0	0	85	1303	85	12	4	3612	464.482352941	35	11	85	0	11	21	35	47	3612	3612	85	1156.71130295	0.435294117647	18	13	0	6	1388	1388	1329	1303	29	12	865	45.9017651573	30	1	1303	0	3	5	11	40	165.9	365	1303	86.1303063191	0.0667689946278	112	85	0	56	30	24615	309.718794835	80	20	1394	0	24	28	44	100	593	1630	1394	2076.22899087	0.0624103299857	195	100	0	0	0	1394	288	294	296	281
ml_clean_partitions	T1/2	strict_numeric	1392	1394	24	8	997	41.5136612022	16	2	1281	0	2.8	6	10	34	178	571.2	1281	88.0556553893	0.16081186573	111	131	0	0	58	1286	90	22.75	11	55	28.2777777778	30	3	90	0	3	5	16.25	39	47.55	55	90	14.2938878882	0.0777777777778	0	35	0	16	1376	1376	1288	1286	24	8	997	41.4696734059	16	2	1286	0	2.85	6	10	34	178	571.15	1286	87.8875666486	0.160186625194	111	131	0	56.5	18	2012	125.903735632	52	13	1392	0	22	30	38	94.5	589	1154.54	1392	201.050449693	0.147988505747	190	201	0	0	20	1372	1058	1024	1062	960
ml_clean_partitions	Vd	identity_review	6	6							0												0		0	6	6	0							0												0		0	6	6	6	6	0	0	6	6	6	6	6	0	6	6	6	6	6	6	6	0	1	0	1	0							0												0		0	0	0	0	1	0	1
ml_clean_partitions	Vd	semantic_review	14	14	0	0	9	9	9	9	10	0	9	9	9	9	9	9	10	0	1	0	1	0	0	0	10	0							0												0		4	10	10	10	10	0	0	9	9	9	9	10	0	9	9	9	9	9	9	10	0	1	0	1	0	18	0	117	74.1428571429	63	63	14	0	63	63	63	81	117	117	14	20.0877197192	0.714285714286	2	3	0	0	0	14	3	1	3	1
ml_clean_partitions	Vd	strict_numeric	38	38	18	10	39	21.75	19	9	28	0	9	9	12	30	39	39	28	10.7069551642	0.214285714286	0	6	0	0	0	33	0							0												0		5	33	33	33	33	21	8	39	19.4545454545	17	9	33	0	9	9	9	30	39	39	33	10.9318654318	0.333333333333	0	6	0	94	47	262	124.421052632	125	22	38	0	22	22	64.75	158.75	262	262	38	74.5293816826	0.157894736842	0	9	0	0	4	34	9	6	9	6
ml_clean_partitions	cell_penetration	positive_unlabeled	784	784	7	3	45	17.6683673469	17	5	784	0	7	8	13	20	31	39	784	6.79566531422	0.139030612245	42	39	0	0	0	737	47	6	4	34	13.2553191489	12	5	47	0	5	6.3	10	16	19.7	28.48	47	5.2769724732	0.255319148936	1	16	0	0	784	784	737	737	6	3	43	15.9280868385	15	3	737	0	5	7	12	18	29	37	737	6.78405145023	0.146540027137	50	39	0	14	6	155	60.4260204082	58	34	784	0	38	41.15	52	66	88	108.34	784	14.8162741107	0.137755102041	44	58	0	0	0	784	784	784	784	737
ml_clean_partitions	permeability	censored_numeric	25	25							0												0		0	0	0	0							0												0		25	0	0	0	0							0												0		9	3	172	91.88	68	54	25	0	55.44	60.8	67	76	172	172	25	45.6429257023	0.28	6	13	0	0	0	25	25	0	25	0
ml_clean_partitions	permeability	normalization_review	16	16							0												0		0	0	0	0							0												0		16	0	0	0	0							0												0		63.75	23.5	222	146.5625	166.5	42	16	0	45.75	60.75	111.25	175	213.75	220.35	16	51.9820081054	0.25	0	13	0	0	0	16	16	0	16	0
ml_clean_partitions	permeability	semantic_review	439	444	5	0	12	7.85906040268	6	4	149	0	4.48	6	6	11	12	12	149	2.38525916272	0.55033557047	0	7	0	0	0	0	149	37	15	106	55.9798657718	49	25	149	0	25	32	39	76	91.6	102.6	149	20.7245349436	0.107382550336	0	38	0	290	149	149	0	0							0												0		37	10	148	86.4077448747	76	60	439	0	61	65	69	106	125.1	134.24	439	20.8223631574	0.0683371298405	0	61	0	0	0	439	187	87	267	0
ml_clean_partitions	permeability	strict_numeric	9829	9865	4	1	15	8.33998790079	7	2	8265	0	3	6	6	10	12	14	8265	2.41146809306	0.260738052027	0	14	0	0	5	0	8270	24	12	133	56.6072551391	51	20	8270	0	23	34	43	67	91	100	8270	17.6697248366	0.0441354292624	51	100	0	1559	8270	8270	0	0							0												0		21	10	253	94.4557940787	92	53	9829	0	63	69	83	104	128	143	9829	17.5030494538	0.0376437073965	250	128	0	0	0	9829	8758	7581	9156	0
ml_clean_partitions	solubility	binary_evidence_catalog	2168	2168	10	2	43	22.6194649446	25	7	2168	0	8	9	17	27	27	31	2168	5.7973411223	0.409132841328	1	25	0	0	0	2168	0							0												0		0	2168	2168	2168	2168	10	2	43	22.6194649446	25	7	2168	0	8	9	17	27	27	31	2168	5.7973411223	0.409132841328	1	25	0	20	4	104	63.2389298893	68	32	2168	0	34	36	52	72	72	80	2168	11.5946822446	0.409132841328	1	25	0	0	0	2168	1337	1337	1337	1337
ml_clean_partitions	solubility	semantic_review	231	231	0	0	6	2.47186147186	2	2	231	0	2	2	2	2	5	6	231	0.985916257946	0.766233766234	54	5	0	0	0	231	0							0												0		0	231	231	231	231	0	0	6	2.47186147186	2	2	231	0	2	2	2	2	5	6	231	0.985916257946	0.766233766234	54	5	0	1	0	49	9.82251082251	6	6	231	0	6	6	6	7	49	49	231	11.4553429614	0.688311688312	32	6	0	0	213	18	8	7	8	7
ml_clean_partitions	solubility	strict_numeric	89	89	0	0	6	2.33333333333	2	2	48	0	2	2	2	2	4	5.53	48	0.858829815786	0.833333333333	8	5	0	0	35	48	35	2	2	27	21.9714285714	21	19	35	0	19	19	21	23	27	27	35	2.29431156259	0.428571428571	3	5	0	6	83	83	48	48	0	0	6	2.33333333333	2	2	48	0	2	2	2	2	4	5.53	48	0.858829815786	0.833333333333	8	5	0	191	3	253	96.2584269663	9	6	89	0	6	6	6	197	227.6	243.32	89	97.450865019	0.426966292135	0	39	0	0	46	43	48	41	48	6
ml_clean_representatives	BBB	all	980	980	13	5	52	16.3295918367	12	2	980	0	4.79	5	9	22	39	44	980	10.3638870649	0.0887755102041	23	47	0	0	0	911	69	10	5	41	14.5072463768	12	4	69	0	4	5	7	17	36.6	38.96	69	9.76431556652	0.130434782609	7	23	0	0	980	980	911	911	14	6	50	16.7113062569	13	2	911	0	5	5	9	23	38	44	911	10.3504033762	0.0878155872667	8	46	0	20	8	128	25.5775510204	20	9	980	0	9	10	13	33	55.05	104.42	980	18.4293118804	0.0785714285714	45	68	0	0	844	136	980	923	980	855
ml_clean_representatives	CL	all	93	93	10	5	39	17.7073170732	12	7	41	0	7.8	9	9	19	39	39	41	10.661247353	0.414634146341	5	8	0	0	17	62	1	0	0	11	11	11	11	1	0	11	11	11	11	11	11	1	0	1	0	1	0	30	63	63	62	62	11	3	39	13.6935483871	9	6	62	0	6	6	6	17	39	39	62	10.1037060392	0.354838709677	5	7	0	91.25	46	262	111.105263158	109	22	76	0	22	36.25	63	154.25	262	262	76	58.7252538402	0.223684210526	0	22	0	0	4	72	24	9	24	8
ml_clean_representatives	F	all	44	44	0	0	18	18	18	18	3	0	18	18	18	18	18	18	3	0	1	0	1	0	0	6	14	20	27	6.5	49	19.55	14	3	20	0	3	3	8.75	35.75	43.3	47.86	20	14.929571503	0.15	0	13	0	10	34	34	14	14	27.75	12	34	18.5	18	6	14	0	6	6	6	33.75	34	34	14	12.7384940542	0.428571428571	0	4	0	453.25	70	859	314.342105263	176	22	38	0	22	22	156.5	609.75	795.6	836.8	38	265.37645635	0.131578947368	0	29	0	0	3	35	30	24	30	4
ml_clean_representatives	LogD	all	151	151	3.5	0	11	6.33333333333	4	4	3	0	4	4	4	7.5	10.3	10.86	3	4.04145188433	0.666666666667	0	2	0	0	126	82	47	4	2	31	22.0638297872	21	3	47	0	3.46	14.1	21	25	30.4	31	47	5.38275933489	0.31914893617	3	10	0	22	129	129	82	82	5.25	2	14	6.03658536585	6	2	82	0	2	2	2.75	8	10	14	82	3.05280733764	0.317073170732	0	8	0	83.75	21.5	338	177.402439024	194.5	35	82	0	39.05	56.15	126.25	210	307.65	331.52	82	70.5414438654	0.0487804878049	1	61	0	0	0	82	82	72	82	25
ml_clean_representatives	PPB	all	140	140	8	2	21	11.2857142857	9	4	35	0	5.02	7	8	16	19.6	21	35	4.71275758273	0.285714285714	0	8	0	0	19	38	87	24	14	73	26.9770114943	21	3	87	0	3	4	11	35	65	73	87	18.8247591859	0.287356321839	2	26	0	15	125	125	38	38	2	0	9	7.02631578947	6	6	38	0	6	6	6	8	9	9	38	1.28372014516	0.552631578947	0	4	0	367	113	808	284.371900826	200	40	121	0	41	59	104	471	633	798.2	121	229.078302924	0.206611570248	0	64	0	0	0	121	80	67	81	20
ml_clean_representatives	T1/2	all	4932	4964	26	11	997	37.0662570131	19	1	3743	0	3	5	10	36	114	365	3743	74.5375437063	0.118354261288	252	164	0	0	1121	3812	1031	31	15	3612	92.2308438409	32	2	1031	0	4.3	9.5	18	49	277	1459.4	1031	366.814173556	0.0465567410281	106	104	0	89	4907	4843	3843	3812	26	11	997	36.5320041973	18	1	3812	0	3	5	10	36	111.45	365	3812	73.9694439589	0.116211962225	252	164	0	60	28	24615	165.938508065	50	6	3968	0	9	14	32	92	555	992	3968	1242.06970121	0.0635080645161	411	278	0	0	939	3029	2225	1758	2234	1222
ml_clean_representatives	Vd	all	58	58	18.25	9	39	18.3947368421	18	9	38	0	9	9	9	27.25	39	39	38	10.7716832826	0.421052631579	0	6	0	0	6	49	0							0												0		9	49	49	49	49	9	3	39	15.6734693878	9	6	49	0	6	6	9	18	39	39	49	10.5106845541	0.428571428571	5	7	0	95	35	262	110.884615385	78	22	52	0	22	22	63	158	262	262	52	68.1160065396	0.307692307692	0	11	0	0	4	48	11	7	11	7
ml_clean_representatives	__ALL__	all	19979	20052	11	4	997	17.6073508006	10	1	16488	0	2	5	7	18	39	124.78	16488	37.6141145897	0.143377001456	1140	164	0	0	1335	8152	9756	25	13	3612	59.2201722017	49	2	9756	0	8	20	41	66	91	147	9756	121.047439167	0.0393603936039	177	150	0	2071	17972	17908	8183	8152	17	9	997	26.8134200196	18	1	8152	0	2	4	10	27	47	280.94	8152	51.8138912758	0.114450441609	325	164	0	36	18	24615	101.85808022	82	6	18898	0	6	15	62	98	137	593	18898	571.418441943	0.0546089533284	1010	372	0	0	2053	16845	14374	12489	14869	4121
ml_clean_representatives	cell_penetration	all	784	784	7	3	45	17.6683673469	17	5	784	0	7	8	13	20	31	39	784	6.79566531422	0.139030612245	42	39	0	0	0	737	47	6	4	34	13.2553191489	12	5	47	0	5	6.3	10	16	19.7	28.48	47	5.2769724732	0.255319148936	1	16	0	0	784	784	737	737	6	3	43	15.9280868385	15	3	737	0	5	7	12	18	29	37	737	6.78405145023	0.146540027137	50	39	0	14	6	155	60.4260204082	58	34	784	0	38	41.15	52	66	88	108.34	784	14.8162741107	0.137755102041	44	58	0	0	0	784	784	784	784	737
ml_clean_representatives	permeability	all	10309	10350	4	1	15	8.33147135726	7	2	8414	0	3	6	6	10	12	14	8414	2.41170050886	0.265866413121	0	14	0	0	5	0	8419	24	12	133	56.5961515619	51	20	8419	0	23	34	43	67	91	100	8419	17.7271260976	0.0443045492339	53	100	0	1890	8419	8419	0	0							0												0		22	11	253	94.1877000679	92	42	10309	0	63	68	82	104	128	144.92	10309	18.0613842527	0.0366669900087	216	134	0	0	0	10309	8943	7647	9426	0
ml_clean_representatives	solubility	all	2488	2488	12	2	43	20.3195749898	25	2	2447	0	2	2	15	27	27	31	2447	8.42620053288	0.362484675112	0	30	0	0	35	2447	35	2	2	27	21.9714285714	21	19	35	0	19	19	21	23	27	27	35	2.29431156259	0.428571428571	3	5	0	6	2482	2482	2447	2447	12	2	43	20.3195749898	25	2	2447	0	2	2	15	27	27	31	2447	8.42620053288	0.362484675112	0	30	0	23	4	253	59.4606109325	68	6	2488	0	6	6	49	72	74	194.26	2488	27.4784423298	0.356511254019	300	64	0	0	259	2229	1386	1379	1386	1344
v15_training_deduplicated	BBB	all	844	844							0												0		0	0	844	0							0												0		0	844	844	844	844	13	5	50	16.3957345972	13	5	844	0	5	6	9	22	37	44	844	9.92628970645	0.0912322274882	16	43	0							0												0		0	0	0	844	844	0	844
v15_training_deduplicated	CL	all	72	72							0												0		0	17	62	1	0	0	11	11	11	11	1	0	11	11	11	11	11	11	1	0	1	0	1	0	9	63	63	62	62	11	3	39	13.6935483871	9	6	62	0	6	6	6	17	39	39	62	10.1037060392	0.354838709677	5	7	0							0												0		0	0	0	16	9	0	8
v15_training_deduplicated	F	all	44	44							0												0		0	6	14	20	27	6.5	49	19.55	14	3	20	0	3	3	8.75	35.75	43.3	47.86	20	14.929571503	0.15	0	13	0	10	34	34	14	14	27.75	12	34	18.5	18	6	14	0	6	6	6	33.75	34	34	14	12.7384940542	0.428571428571	0	4	0							0												0		0	0	0	31	24	0	4
v15_training_deduplicated	LogD7.4	all	129	129							0												0		0	126	82	47	4	2	31	22.0638297872	21	3	47	0	3.46	14.1	21	25	30.4	31	47	5.38275933489	0.31914893617	3	10	0	0	129	129	82	82	5.25	2	14	6.03658536585	6	2	82	0	2	2	2.75	8	10	14	82	3.05280733764	0.317073170732	0	8	0							0												0		0	0	0	74	72	0	25
v15_training_deduplicated	PPB	all	140	140							0												0		0	19	38	87	24	14	73	26.9770114943	21	3	87	0	3	4	11	35	65	73	87	18.8247591859	0.287356321839	2	26	0	15	125	125	38	38	2	0	9	7.02631578947	6	6	38	0	6	6	6	8	9	9	38	1.28372014516	0.552631578947	0	4	0							0												0		0	0	0	82	67	0	20
v15_training_deduplicated	T1/2	all	4930	4930							0												0		0	1122	3822	1032	31	15	3612	92.1753875969	32	2	1032	0	4.31	9.55	18	49	277	1459.38	1032	366.640566231	0.046511627907	106	104	0	76	4918	4854	3822	3822	26	11	997	36.4455782313	18	1	3822	0	3	5	10	36	110.95	365	3822	73.8874955206	0.116169544741	252	164	0							0												0		0	0	0	2230	1758	0	1222
v15_training_deduplicated	Vd	all	53	53							0												0		0	6	49	0							0												0		4	49	49	49	49	9	3	39	15.6734693878	9	6	49	0	6	6	9	18	39	39	49	10.5106845541	0.428571428571	5	7	0							0												0		0	0	0	9	7	0	7
v15_training_deduplicated	__ALL__	all	215568	215568							0												0		0	1336	172833	20043	35	16	3612	37.7126677643	27	2	20043	0	4	6	14	49	82	100	20043	87.2990461198	0.0501421942823	174	150	0	22641	192991	192927	172884	172884	14	7	1706	19.7941856968	17	1	172884	0	3	6	12	26	40	49	172884	17.136962173	0.060954165799	2584	212	0							0												0		0	0	0	102704	81475	0	69479
v15_training_deduplicated	bbb_penetration	all	136	136							0												0		0	0	67	69	10	5	41	14.5072463768	12	4	69	0	4	5	7	17	36.6	38.96	69	9.76431556652	0.130434782609	7	23	0	0	136	136	67	67	28	12	50	20.6865671642	19	2	67	0	2	3	8	36	41	50	67	14.1872851261	0.10447761194	0	27	0							0												0		0	0	0	136	135	0	67
v15_training_deduplicated	cell_penetration	all	784	784							0												0		0	0	737	47	6	4	34	13.2553191489	12	5	47	0	5	6.3	10	16	19.7	28.48	47	5.2769724732	0.255319148936	1	16	0	0	784	784	737	737	6	3	43	15.9280868385	15	3	737	0	5	7	12	18	29	37	737	6.78405145023	0.146540027137	50	39	0							0												0		0	0	0	784	784	0	737
v15_training_deduplicated	cell_viability_percent	all	7	7							0												0		0	0	7	0							0												0		0	7	7	7	7	0.5	0	50	17.8571428571	13	9	7	0	9.24	10.2	13	13.5	39.2	47.84	7	14.2645080699	0.571428571429	2	4	0							0												0		0	0	0	7	7	0	7
v15_training_deduplicated	chromatographic_retention	all	22	22							0												0		0	0	0	0							0												0		22	0	0	0	0							0												0								0												0		0	0	0	22	0	0	0
v15_training_deduplicated	clearance	all	21	21							0												0		0	0	0	0							0												0		21	0	0	0	0							0												0								0												0		0	0	0	9	0	0	0
v15_training_deduplicated	cytotoxicity	all	5615	5615							0												0		0	0	1660	0							0												0		3955	1660	1660	1660	1660	13	6	121	21.465060241	20	2	1660	0	5	9	14	27	38	50	1660	11.04653354	0.0704819277108	26	57	0							0												0		0	0	0	4107	1221	0	1221
v15_training_deduplicated	cytotoxicity_cc50	all	39	39							0												0		0	0	39	0							0												0		0	39	39	39	39	9	6	61	19.7435897436	18	5	39	0	6.14	8.9	12	21	43.7	56.82	39	11.513648534	0.25641025641	4	18	0							0												0		0	0	0	39	39	0	39
v15_training_deduplicated	cytotoxicity_ec50	all	32	32							0												0		0	0	32	0							0												0		0	32	32	32	32	0	0	20	19.875	20	18	32	0	18	19.1	20	20	20	20	32	0.491869376838	0.9375	2	2	0							0												0		0	0	0	31	31	0	31
v15_training_deduplicated	cytotoxicity_hc50	all	1	1							0												0		0	0	1	0							0												0		0	1	1	1	1	0	0	21	21	21	21	1	0	21	21	21	21	21	21	1	0	1	0	1	0							0												0		0	0	0	1	1	0	1
v15_training_deduplicated	cytotoxicity_ic50	all	147	147							0												0		0	0	147	0							0												0		0	147	147	147	147	10.5	3	47	18.8503401361	16	5	147	0	6.46	10.3	13	23.5	37	47	147	8.546691855	0.197278911565	5	23	0							0												0		0	0	0	113	113	0	113
v15_training_deduplicated	cytotoxicity_lc50	all	10	10							0												0		0	0	10	0							0												0		0	10	10	10	10	13	5.5	60	30	23.5	18	10	0	18	18	18.25	31.25	59.55	59.91	10	16.3571255285	0.3	2	8	0							0												0		0	0	0	8	8	0	8
v15_training_deduplicated	cytotoxicity_percent	all	38	38							0												0		0	0	38	0							0												0		0	38	38	38	38	19.5	10.5	42	24.4210526316	24.5	10	38	0	10	10	13.5	33	42	42	38	11.6749479516	0.210526315789	0	15	0							0												0		0	0	0	30	30	0	30
v15_training_deduplicated	cytotoxicity_proxy	all	36	36							0												0		0	0	0	0							0												0		36	0	0	0	0							0												0								0												0		0	0	0	12	0	0	0
v15_training_deduplicated	cytotoxicity_source_defined_binary	all	20	20							0												0		0	0	20	0							0												0		0	20	20	20	20	9.25	4.5	63	22.25	16.5	10	20	0	10.38	11.9	12	21.25	50.65	60.53	20	14.8213040125	0.25	4	11	0							0												0		0	0	0	20	20	0	20
v15_training_deduplicated	drug_delivery	all	1578	1578							0												0		0	0	1461	117	8	4	41	13.9230769231	12	4	117	0	4	5	8	16	35	38	117	8.24637208231	0.153846153846	10	28	0	0	1578	1578	1461	1461	7	4	50	13.379192334	12	2	1461	0	5	6	9	16	28	38	1461	7.08596565122	0.127994524298	97	43	0							0												0		0	0	0	1578	1577	0	1461
v15_training_deduplicated	efflux_ratio	all	185	185							0												0		0	0	0	0							0												0		185	0	0	0	0							0												0								0												0		0	0	0	145	0	0	0
v15_training_deduplicated	exposure	all	10	10							0												0		0	0	0	0							0												0		10	0	0	0	0							0												0								0												0		0	0	0	3	0	0	0
v15_training_deduplicated	general toxicity	all	11036	11036							0												0		0	0	11036	0							0												0		0	11036	11036	11036	11036	14	7	35	22.0281805002	22	4	11036	0	7	10	15	29	34	35	11036	7.91190871913	0.0541862993838	0	32	0							0												0		0	0	0	11036	11036	0	11036
v15_training_deduplicated	half_life	all	13	13							0												0		0	0	0	0							0												0		13	0	0	0	0							0												0								0												0		0	0	0	9	0	0	0
v15_training_deduplicated	hemolysis	all	33566	33566							0												0		0	0	17104	0							0												0		16462	17104	17104	17104	17104	12	6	1706	22.3388096352	19	1	17104	0	6	10	14	26	37	64	17104	25.8770967461	0.0846585594013	495	124	0							0												0		0	0	0	19524	9006	0	9006
v15_training_deduplicated	hemolysis_concentration_at_50_percent	all	1	1							0												0		0	0	1	0							0												0		0	1	1	1	1	0	0	30	30	30	30	1	0	30	30	30	30	30	30	1	0	1	0	1	0							0												0		0	0	0	1	1	0	1
v15_training_deduplicated	hemolysis_concentration_at_5_percent	all	1	1							0												0		0	0	1	0							0												0		0	1	1	1	1	0	0	20	20	20	20	1	0	20	20	20	20	20	20	1	0	1	0	1	0							0												0		0	0	0	1	1	0	1
v15_training_deduplicated	hemolysis_ec50	all	15	15							0												0		0	0	15	0							0												0		0	15	15	15	15	0	0	69	21.4	18	18	15	0	18	18	18	18	33.3	61.86	15	13.1681433771	0.933333333333	1	2	0							0												0		0	0	0	15	15	0	15
v15_training_deduplicated	hemolysis_hc50	all	52	52							0												0		0	0	52	0							0												0		0	52	52	52	52	2.5	0	30	17.8846153846	20	9	52	0	9	9	17.5	20	20.9	26.43	52	4.40433763979	0.596153846154	12	10	0							0												0		0	0	0	52	52	0	52
v15_training_deduplicated	hemolysis_hd50	all	4	4							0												0		0	0	4	0							0												0		0	4	4	4	4	3.25	0.5	29	25.25	28	16	4	0	16.36	17.8	25	28.25	28.85	28.97	4	6.18465843843	0.5	1	3	0							0												0		0	0	0	4	4	0	4
v15_training_deduplicated	hemolysis_ic50	all	1	1							0												0		0	0	1	0							0												0		0	1	1	1	1	0	0	24	24	24	24	1	0	24	24	24	24	24	24	1	0	1	0	1	0							0												0		0	0	0	1	1	0	1
v15_training_deduplicated	hemolysis_lc50	all	6	6							0												0		0	0	6	0							0												0		0	6	6	6	6	29.75	9	60	35.5	28	18	6	0	18.1	18.5	21.75	51.5	59.75	59.95	6	19.0446842977	0.166666666667	0	6	0							0												0		0	0	0	6	6	0	6
v15_training_deduplicated	hemolysis_mhc	all	32	32							0												0		0	0	32	0							0												0		0	32	32	32	32	2	2	26	19.375	20	15	32	0	15.93	18	18	20	23.45	25.38	32	2.04387361518	0.4375	2	6	0							0												0		0	0	0	32	32	0	32
v15_training_deduplicated	hemolysis_mhc10	all	39	39							0												0		0	0	39	0							0												0		0	39	39	39	39	3	0	16	14.3846153846	13	13	39	0	13	13	13	16	16	16	39	1.51510612127	0.538461538462	0	2	0							0												0		0	0	0	39	39	0	39
v15_training_deduplicated	hemolysis_percent	all	511	511							0												0		0	0	511	0							0												0		0	511	511	511	511	9	5	84	23.8043052838	23	9	511	0	10	12	18	27	37	50	511	8.44549195544	0.189823874755	18	37	0							0												0		0	0	0	216	216	0	216
v15_training_deduplicated	hemolysis_source_defined_binary	all	32	32							0												0		0	0	32	0							0												0		0	32	32	32	32	11	5.5	74	23.5625	20.5	6	32	0	6	6.55	16	27	49.9	70.28	32	14.7690554877	0.09375	2	20	0							0												0		0	0	0	32	32	0	32
v15_training_deduplicated	lipophilicity_proxy	all	12	12							0												0		0	0	0	0							0												0		12	0	0	0	0							0												0								0												0		0	0	0	12	0	0	0
v15_training_deduplicated	logd	all	22	22							0												0		0	0	0	0							0												0		22	0	0	0	0							0												0								0												0		0	0	0	22	0	0	0
v15_training_deduplicated	membrane_retention	all	12	12							0												0		0	0	0	0							0												0		12	0	0	0	0							0												0								0												0		0	0	0	12	0	0	0
v15_training_deduplicated	permeability	all	10153	10153							0												0		0	5	0	8460	24	12	133	56.7356973995	51	20	8460	0	23	34	43	67	91	100	8460	17.8280493886	0.0440898345154	53	100	0	1693	8460	8460	0	0							0												0								0												0		0	0	0	9441	7662	0	0
v15_training_deduplicated	permeability_recovery	all	16	16							0												0		0	0	0	0							0												0		16	0	0	0	0							0												0								0												0		0	0	0	8	0	0	0
v15_training_deduplicated	plasma_concentration	all	47	47							0												0		0	0	0	0							0												0		47	0	0	0	0							0												0								0												0		0	0	0	4	0	0	0
v15_training_deduplicated	plasma_stability	all	10	10							0												0		0	0	0	0							0												0		10	0	0	0	0							0												0								0												0		0	0	0	9	0	0	0
v15_training_deduplicated	solubility	all	2488	2488							0												0		0	35	2447	35	2	2	27	21.9714285714	21	19	35	0	19	19	21	23	27	27	35	2.29431156259	0.428571428571	3	5	0	6	2482	2482	2447	2447	12	2	43	20.3195749898	25	2	2447	0	2	2	15	27	27	31	2447	8.42620053288	0.362484675112	0	30	0							0												0		0	0	0	1386	1379	0	1344
v15_training_deduplicated	stability_half_life	all	21	21							0												0		0	0	21	0							0												0		0	21	21	21	21	2	0	39	32.9523809524	38	6	21	0	6.6	9	36	38	38	38.8	21	10.2346284274	0.666666666667	5	8	0							0												0		0	0	0	21	21	0	21
v15_training_deduplicated	therapeutic_function	all	141921	141921							0												0		0	0	131743	10127	12	5	50	17.0784042658	15	2	10127	0	2	5	11	23	34	45	10127	8.91694591512	0.094894835588	167	49	0	0	141921	141921	131794	131794	14	7	74	18.9255580679	16	2	131794	0	3	5	11	25	41	49	131794	10.8676293243	0.0692444269087	2490	50	0							0												0		0	0	0	57778	57899	0	54241
v15_training_deduplicated	tumor_homing	all	659	659							0												0		0	0	658	1	0	0	5	5	5	5	1	0	5	5	5	5	5	5	1	0	1	0	1	0	0	659	659	658	658	4	2	32	9.74772036474	9	4	658	0	5	6	7	11	17.45	22.86	658	3.69048337624	0.240121580547	33	19	0							0												0		0	0	0	659	659	0	658
v15_training_deduplicated	volume_distribution	all	5	5							0												0		0	0	0	0							0												0		5	0	0	0	0							0												0								0												0		0	0	0	3	0	0	0
