endpoint_family	parameter_semantics	parameter_basis	assay_family	normalized_unit	target_transform	descriptive_only	n	unique_values	min	p01	p05	p25	median	p75	p95	p99	max	mean	sd	iqr	mad	top_value_fraction	zero_count	negative_count	positive_count	tukey_outlier_count	tasks	unique_identities	unique_sources
CL	apparent_clearance	apparent_over_f	noncompartmental_analysis	L/h	identity	true	11	11	0.629	0.664	0.804	1.18	1.54	429.9	451.5	457.98	459.6	198.035272727	226.512860561	428.72	0.911	0.0909090909091	0	0	11	0	11	2	1
CL	apparent_clearance	apparent_over_f	noncompartmental_analysis	mL/min/kg	identity	true	8	8	47.9833333333	48.0685	48.4091666667	50.25	66.8916666667	84.075	97.42	102.684	104	69.3083333333	21.3704624813	33.825	17.25	0.125	0	0	8	0	8	2	2
CL	intrinsic_clearance	intrinsic	in_vitro_clearance_assay	uL/min/mg protein	identity	true	7	7	10	11.38	16.9	38	160	192	286.7	315.74	323	136.142857143	113.395221198	154	117	0.142857142857	0	0	7	0	1	7	1
CL	nonrenal_clearance	component	population_pk	L/h	identity	true	1	1	2.56	2.56	2.56	2.56	2.56	2.56	2.56	2.56	2.56	2.56	0	0	0	1	0	0	1	0	1	1	1
CL	renal_clearance	component	population_pk	L/h	identity	true	1	1	4.32	4.32	4.32	4.32	4.32	4.32	4.32	4.32	4.32	4.32	0	0	0	1	0	0	1	0	1	1	1
CL	systemic_clearance	absolute	noncompartmental_analysis	L/h	identity	true	2	2	1052.4	1056.041	1070.605	1143.425	1234.45	1325.475	1398.295	1412.859	1416.5	1234.45	257.45757903	182.05	182.05	0.5	0	0	2	0	2	1	1
CL	systemic_clearance	absolute	noncompartmental_analysis	mL/min/kg	identity	true	15	15	1.59666666667	1.60086666667	1.61766666667	2.975	20.0833333333	33.755	62.506	66.9412	68.05	22.9654444444	20.9460085078	30.78	16.3166666667	0.0666666666667	0	0	15	0	10	9	3
CL	systemic_clearance	absolute	source_reported_pk	mL/min/kg	identity	true	4	4	22.4	22.568	23.24	26.6	37	57.825	86.205	91.881	93.3	47.425	32.1979683624	31.225	11.8	0.25	0	0	4	0	4	2	2
F	absolute_bioavailability	absolute	exposure_ratio	fraction	identity	true	6	6	0.007	0.0072	0.008	0.01325	0.042	0.091	0.6025	0.7365	0.77	0.162	0.300033998074	0.07775	0.033	0.166666666667	0	0	6	1	4	4	2
F	absolute_bioavailability	absolute	noncompartmental_analysis	fraction	identity	true	3	3	0.48807	0.4884356	0.489898	0.49721	0.50635	0.515875	0.523495	0.525019	0.5254	0.506606666667	0.0186663235088	0.018665	0.01828	0.333333333333	0	0	3	0	3	1	1
F	absolute_bioavailability	absolute	source_reported_pk	fraction	identity	true	3	3	0.062	0.06424	0.0732	0.118	0.174	0.2	0.2208	0.22496	0.226	0.154	0.083809307359	0.082	0.052	0.333333333333	0	0	3	0	3	1	1
LogD	distribution_coefficient	pH_7.4	chi_hplc	dimensionless_log10	identity	true	57	54	-0.3	-0.0032	0.584	1.5	2.19	3.16	4.656	5.2488	5.26	2.37526315789	1.26822725721	1.66	0.77	0.0350877192982	0	1	56	0	6	57	1
LogD	distribution_coefficient	pH_7.4	source_reported_method_unknown	dimensionless_log10	identity	true	22	21	-1.7	-1.6538	-1.443	-0.3425	1.71	2.2025	2.5785	2.8249	2.89	1.07772727273	1.4287021477	2.545	0.795	0.0909090909091	0	6	16	0	1	22	1
PPB	fraction_bound	plasma_or_serum_protein_binding	ppb	fraction_bound	identity	true	103	71	0	0	0.00086	0.52	0.89	0.9825	0.992	0.99398	0.999	0.719965048544	0.341973597682	0.4625	0.1	0.0776699029126	5	0	98	0	47	69	4
T1/2	other_context	elapsed_time	other_context	log10(h)	log10	true	166	137	-2.38021124171	-2.01132313548	-1.47712125472	-0.788072449684	-0.014052969186	0.636404424256	1.73955969183	2.49647529663	2.65390682964	-0.0208816907995	1.046507144	1.42447687394	0.693032800745	0.0421686746988	3	84	79	0	91	116	2
T1/2	plasma_serum_stability	elapsed_time	plasma_serum_stability	log10(h)	log10	true	213	166	-2.21387981995	-1.64755179301	-1.36015698842	-0.664207898077	0.113943352307	0.819543935542	1.46923990648	1.99333461085	2.06818586175	0.0965767465397	0.917916866474	1.48375183362	0.737314996412	0.0234741784038	3	93	117	0	59	167	2
T1/2	protease_intestinal_stability	elapsed_time	protease_intestinal_stability	log10(h)	log10	true	393	317	-6.65321251378	-6.51490981561	-6.22196117438	-5.69897000434	-5.10759618086	-4.44470397589	-2.20585484298	1.09333263672	1.357934847	-4.79610182787	1.41820744984	1.25426602845	0.62916238437	0.0127226463104	0	383	10	25	14	388	1
T1/2	systemic_terminal_pk	elapsed_time	systemic_terminal_pk	log10(h)	log10	true	620	446	-2.32330639038	-1.93919807269	-1.40058685269	-0.583931663897	0.204119982656	0.946922631472	1.77469867996	2.19768195241	2.72263392253	0.183714421341	1.00416263001	1.53085429537	0.750122526783	0.0177419354839	5	264	351	0	246	442	3
Vd	apparent_volume	apparent_over_f	noncompartmental_analysis	L	identity	true	11	11	18.2	20.43	29.35	50.75	104	324.785	379.25	397.346	401.87	185.82	152.035891684	274.035	85.8	0.0909090909091	0	0	11	0	11	2	1
Vd	apparent_volume	apparent_over_f	noncompartmental_analysis	L/kg	identity	true	8	8	1.83	1.8811	2.0855	2.8	2.965	11.29575	12.59625	12.70965	12.738	6.152625	4.88743400211	8.49575	0.77	0.125	0	0	8	0	8	2	2
Vd	compartment_volume	absolute	population_pk	L	identity	true	2	2	5.87	5.9143	6.0915	6.9775	8.085	9.1925	10.0785	10.2557	10.3	8.085	3.13248304066	2.215	2.215	0.5	0	0	2	0	2	1	1
Vd	volume_of_distribution	absolute	noncompartmental_analysis	L	identity	true	2	2	437.6	439.179	445.495	477.075	516.55	556.025	587.605	593.921	595.5	516.55	111.652160749	78.95	78.95	0.5	0	0	2	0	2	1	1
Vd	volume_of_distribution	absolute	noncompartmental_analysis	L/kg	identity	true	10	10	0.162	0.16578	0.1809	0.223175	0.2659	0.5615	3.13935	4.53507	4.884	0.82877	1.44799839169	0.338325	0.0829	0.1	0	0	10	1	10	3	2
Vd	volume_of_distribution	absolute	source_reported_pk	L/kg	identity	true	5	5	1.1	1.128	1.24	1.8	2.6	3	6.12	6.744	6.9	3.08	2.25765364926	1.2	0.8	0.2	0	0	5	1	5	2	2
permeability	apparent_permeability	caco2	caco2	source_log10_permeability	log10	true	1229	322	-8.06	-7.7	-7.43	-6.85	-6.05	-5.64	-4.8467983778	-4.2284	-3.46	-6.18316536762	0.801065871154	1.21	0.57	0.0374288039056	0	1229	0	7	1	1229	1
permeability	apparent_permeability	caco2_papp_ab	caco2	log10(cm/s)	log10	true	12	12	-6.71219827007	-6.70751094529	-6.68876164619	-6.64980454724	-6.1411647485	-4.9374301543	-4.52998750457	-4.51515692771	-4.5114492835	-5.85676585767	0.876123608772	1.71237439294	0.524400118025	0.0833333333333	0	12	0	0	1	12	1
permeability	apparent_permeability	caco_2_log_papp	caco2	log10(cm/s)	log10	true	65	58	-7	-6.92704	-6.67	-5.821	-5.272	-4.886	-4.495	-4.44624	-4.42	-5.38903076923	0.67960749171	0.935	0.503	0.0307692307692	0	65	0	0	1	65	1
permeability	apparent_permeability	caco_2_log_papp_ab	caco2	log10(cm/s)	log10	true	110	97	-8.699	-8.38962	-6.98155	-5.8465	-5.2115	-4.73425	-4.1457	-3.9569	-3.788	-5.38029007855	0.927495346528	1.11225	0.533	0.0272727272727	0	110	0	2	1	109	1
permeability	apparent_permeability	caco_2_log_papp_ab_with_inhibitor	caco2	log10(cm/s)	log10	true	32	32	-6.9	-6.71431	-6.26525	-5.70025	-5.2835	-4.918	-4.32865	-4.29668	-4.288	-5.2910625	0.622483835131	0.78225	0.4005	0.03125	0	32	0	1	1	32	1
permeability	apparent_permeability	caco_2_log_papp_ba	caco2	log10(cm/s)	log10	true	69	64	-6.77	-6.0764	-5.2982	-4.8540001	-4.485	-4.339	-4.172	-3.94332	-3.91	-4.60906595912	0.439158962205	0.5150001	0.209	0.0434782608696	0	69	0	2	1	69	1
permeability	apparent_permeability	caco_2_log_papp_ba_with_inhibitor	caco2	log10(cm/s)	log10	true	25	23	-5.578	-5.51248	-5.305	-5.108	-4.851	-4.735	-4.5562	-4.53892	-4.537	-4.91076	0.270255477897	0.373	0.164	0.08	0	25	0	0	1	25	1
permeability	apparent_permeability	mdck	mdck	source_log10_permeability	log10	true	63	55	-7.698970004	-7.61429656246	-6.5085217659	-6.145	-5.402304814	-5.007396731	-4.49	-4.4	-4.4	-5.56707606398	0.763203787529	1.137603269	0.542304814	0.047619047619	0	63	0	0	1	63	1
permeability	apparent_permeability	mdck_log_papp	mdck	log10(cm/s)	log10	true	5	4	-7	-7	-7	-7	-5.854	-5.602	-5.5508	-5.54056	-5.538	-6.1988	0.740870568993	1.398	0.316	0.4	0	5	0	0	1	5	1
permeability	apparent_permeability	mdck_log_papp_ab	mdck	log10(cm/s)	log10	true	5	5	-7	-6.98092	-6.9046	-6.523	-6.431798276	-6.222	-6.122	-6.102	-6.097	-6.4547596552	0.348080461664	0.301	0.209798276	0.2	0	5	0	1	1	5	1
permeability	apparent_permeability	mdck_mdr1_papp_group_dn_ht	mdck	log10(cm/s)	log10	true	2	2	-6.34678748622	-6.34553809885	-6.34054054939	-6.31555280207	-6.28431811792	-6.25308343377	-6.22809568645	-6.22309813699	-6.22184874962	-6.28431811792	0.0883450278827	0.0624693683	0.0624693683	0.5	0	2	0	0	1	2	1
permeability	apparent_permeability	mdck_mdr1_papp_group_dn_te	mdck	log10(cm/s)	log10	true	2	2	-6.52287874528	-6.51348355275	-6.47590278265	-6.28799893212	-6.05311911897	-5.81823930582	-5.63033545529	-5.59275468519	-5.58335949266	-6.05311911897	0.664340434583	0.46975962631	0.46975962631	0.5	0	2	0	0	1	2	1
permeability	apparent_permeability	mdck_mdr1_papp_group_mod_ss	mdck	log10(cm/s)	log10	true	1	1	-5.76195389687	-5.76195389687	-5.76195389687	-5.76195389687	-5.76195389687	-5.76195389687	-5.76195389687	-5.76195389687	-5.76195389687	-5.76195389687	0	0	0	1	0	1	0	0	1	1	1
permeability	apparent_permeability	others_log_papp	others_log_papp	log10(cm/s)	log10	true	25	21	-7.114	-7.06768	-6.8766	-6.301	-5.509	-5.347	-5.0742	-4.8002	-4.721	-5.7998	0.664250078409	0.954	0.342	0.12	0	25	0	0	1	25	1
permeability	apparent_permeability	pampa	pampa	source_log10_permeability	log10	true	6814	648	-9.46	-8.15	-7.1514285264	-6.14790039325	-5.65	-5.22	-4.57	-4.31	-3.9	-5.73539854112	0.779174888205	0.92790039325	0.45	0.00909891400059	0	6814	0	188	1	6814	1
permeability	apparent_permeability	pampa_log_papp	pampa	log10(cm/s)	log10	true	113	102	-8.523	-8.49332	-8.356	-6.699	-5.85	-5.051	-4.579	-4.05212	-3.575	-5.97616814159	1.14584052822	1.648	0.849	0.0176991150442	0	113	0	0	1	113	1
permeability	apparent_permeability	pampa_log_peff	pampa	log10(cm/s)	log10	true	920	281	-8.04	-8	-7.699	-7.21	-6.745	-6.0785	-4.91805	-4.5	-4.2	-6.58786304348	0.819699459736	1.1315	0.489	0.0445652173913	0	920	0	3	1	920	1
permeability	apparent_permeability	pampa_permeability_25c	pampa	log10(cm/s)	log10	true	8	8	-5.70114692359	-5.69851445757	-5.68798459349	-5.51441447651	-5.37082505374	-5.23487373096	-5.18962732746	-5.17914608216	-5.17652577083	-5.40042163947	0.203277382934	0.279540745545	0.142922969845	0.125	0	8	0	0	1	8	1
permeability	apparent_permeability	pampa_permeability_37c	pampa	log10(cm/s)	log10	true	8	8	-5.1739251973	-5.17351954929	-5.17189695725	-5.11881223796	-5.00097936781	-4.93799384672	-4.8542001942	-4.83463066653	-4.82973828461	-5.01581709802	0.126533409849	0.180818391245	0.101371726915	0.125	0	8	0	0	1	8	1
permeability	apparent_permeability	rrck	rrck	source_log10_permeability	log10	true	159	117	-6.96	-6.9068	-6.66	-6.085	-5.53	-5.135	-4.618	-4.5158	-4.49	-5.59742138365	0.611123901167	0.95	0.45	0.0251572327044	0	159	0	0	1	159	1
permeability	efflux_ratio	caco2_efflux_ratio	caco2	log10(ratio)	log10	true	7	7	0.146128035678	0.147925829081	0.155117002691	0.428666248216	0.799340549454	1.08489597694	1.38229015779	1.42918529721	1.44090908207	0.773357445358	0.491704059184	0.65622972872	0.446172118356	0.142857142857	0	0	7	0	1	7	1
permeability	efflux_ratio	caco_2_er	caco2	log10(ratio)	log10	true	94	84	-0.619788758288	-0.529662446191	-0.295439884019	0.131630371935	0.583953905001	0.965347903455	2.46406987431	2.52280281585	2.57978359662	0.715263053377	0.809319331107	0.833717531521	0.40547188189	0.063829787234	4	14	76	11	1	94	1
permeability	efflux_ratio	caco_2_er_with_inhibitor	caco2	log10(ratio)	log10	true	26	25	-0.585026652029	-0.518459679678	-0.303978399595	-0.103807793263	0.22139661297	0.752211640978	1.06819477202	1.12623616445	1.1303337685	0.276326220384	0.499527329083	0.856019434241	0.443486771439	0.0769230769231	0	10	16	0	1	26	1
permeability	efflux_ratio	mdck_er	mdck	log10(ratio)	log10	true	2	2	0.9731278536	0.975157487655	0.983276023873	1.02386870496	1.07460955633	1.12535040769	1.16594308879	1.17406162501	1.17609125906	1.07460955633	0.143516800333	0.10148170273	0.10148170273	0.5	0	0	2	0	1	2	1
permeability	efflux_ratio	others_er	others_er	log10(ratio)	log10	true	21	7	0	0	0	0	0.301029995664	0.602059991328	1.04139268516	1.19263767414	1.23044892138	0.325149719396	0.382990477993	0.602059991328	0.301029995664	0.47619047619	10	0	11	0	1	21	1
permeability	membrane_retention	pampa_membrane_retention	pampa	fraction_retained	identity	true	12	11	0	0	0	0.0575	0.095	0.175	0.583	0.6446	0.66	0.171666666667	0.20796998618	0.1175	0.07	0.166666666667	2	0	10	2	1	12	1
solubility	solubility	mass_concentration_kg_m3	gravimetric_analysis	log10(mass_concentration_kg_m3)	log10	true	5	5	-0.221848749616	-0.205931149269	-0.142260747882	0.176091259056	0.720159303406	1.85943853546	2.21461736357	2.28565312919	2.3034120706	0.967450483781	1.0819278006	1.6833472764	0.942008053022	0.2	0	1	4	0	1	5	1
solubility	solubility	mass_fraction	uv_vis_spectrophotometry	log10(mass_fraction)	log10	true	1	1	-1.77469071827	-1.77469071827	-1.77469071827	-1.77469071827	-1.77469071827	-1.77469071827	-1.77469071827	-1.77469071827	-1.77469071827	-1.77469071827	0	0	0	1	0	1	0	0	1	1	1
solubility	solubility	mass_ratio_of_solute_to_solvent	determined_from_density_measurements	log10(mass_ratio_of_solute_to_solvent)	log10	true	3	3	-2.40340290437	-2.37919768569	-2.28237681098	-1.79827243743	-1.19314197048	-0.918080284743	-0.698030936154	-0.654021066436	-0.643018599007	-1.41318782462	0.900585009361	0.880192152682	0.550123371473	0.333333333333	0	3	0	0	1	3	1
solubility	solubility	mass_ratio_of_solute_to_solvent	from_the_density_plateau	log10(mass_ratio_of_solute_to_solvent)	log10	true	3	3	-2.40893539297	-2.39625049948	-2.3455109255	-2.09181305562	-1.77469071827	-1.48391634437	-1.25129684526	-1.20477294544	-1.19314197048	-1.79225602724	0.608087014005	0.607896711245	0.58154874779	0.333333333333	0	3	0	0	1	3	1
solubility	solubility	mole_fraction	uv_spectra	log10(mole_fraction)	log10	true	36	36	-4.50031291738	-4.44546839463	-4.24208296723	-3.48787426905	-3.20230633705	-2.91826551746	-2.68641721717	-2.59278440936	-2.56232869523	-3.28366972875	0.490085925595	0.569608751585	0.28630462288	0.0277777777778	0	36	0	2	36	1	1
solubility	solubility	um	kinetic_solubility_1_5_h_ro_c006261d	log10(mol/L)	log10	true	6	6	-5.55284196866	-5.52216497821	-5.39945701641	-4.8853611687	-4.64368777439	-4.53095413102	-4.10918036074	-3.9996303084	-3.97224279531	-4.71195925491	0.522469935223	0.354407037675	0.209654551305	0.166666666667	0	6	0	2	1	6	1
solubility	solubility	um	maximum_concentration_at_wh_7567adfa	log10(mol/L)	log10	true	35	35	-5.39794000867	-4.87615541289	-3.77526806704	-3.22297964864	-3.16367588429	-3.11719552188	-3.05378294746	-3.03272169166	-3.02872415126	-3.27651552989	0.412149338249	0.105784126755	0.04903710432	0.0285714285714	0	35	0	5	3	35	1
