raw_endpoint	task_type	raw_unit	raw_relation	descriptive_only	n	unique_values	min	p01	p05	p25	median	p75	p95	p99	max	mean	sd	iqr	mad	top_value_fraction	zero_count	negative_count	positive_count	tukey_outlier_count
CL	regression	L/h	=	true	10	10	0.629	0.6605	0.7865	1.17	1.51	3.88	1252.655	1383.731	1416.5	248.2768	526.797265822	2.71	0.706	0.1	0	0	10	2
CL	regression	L/h/kg	=	true	4	4	1.699	1.7344	1.876	2.584	2.9575	3.09275	3.22895	3.25619	3.263	2.71925	0.698194039409	0.50875	0.192	0.25	0	0	4	1
CL	regression	L/min	=	true	5	5	6.81	6.8208	6.864	7.08	7.25	7.39	7.606	7.6492	7.66	7.238	0.319953121566	0.31	0.17	0.2	0	0	5	0
CL	regression	mL/h/kg	=	true	20	20	95.8	96.142	97.51	217.25	254	553.5	1208.6	1263.32	1277	430.045	354.377705838	336.25	151.45	0.05	0	0	20	2
CL	regression	mL/min/kg	=	true	20	20	7.5	8.8889	14.4445	30.5075	44.1	79.425	91.745	101.549	104	51.34	28.0469977754	48.9175	18.9	0.05	0	0	20	0
CL	regression	source_specific_clearance	=	true	2	2	3	3.5866	5.933	17.665	32.33	46.995	58.727	61.0734	61.66	32.33	41.4788837844	29.33	29.33	0.5	0	0	2	0
CL	regression	uL/min/mg protein	=	true	11	11	29.5	29.85	31.25	47.8833333333	73	109.5	184.6875	216.9375	225	87.2365841964	58.1279527708	61.6166666667	33.5	0.0909090909091	0	0	11	1
F	regression	%	=	true	14	14	0	0.156	0.78	1.85	6.3	15.55	29.895	33.899	34.9	10.0857142857	11.0723395584	13.7	4.6	0.0714285714286	1	0	13	0
F	regression	fraction	<	true	1	1	0.01	0.01	0.01	0.01	0.01	0.01	0.01	0.01	0.01	0.01	0	0	0	1	0	0	1	0
F	regression	fraction	=	true	27	24	0.007	0.00804	0.0161	0.44	0.55	0.8965	1	1	1	0.614511851852	0.319726431958	0.4565	0.293	0.111111111111	0	0	27	0
F	regression	fraction	>	true	1	1	0.04	0.04	0.04	0.04	0.04	0.04	0.04	0.04	0.04	0.04	0	0	0	1	0	0	1	0
F	regression	fraction	~	true	1	1	0	0	0	0	0	0	0	0	0	0	0	0	0	1	1	0	0	0
LogD7.4	regression	dimensionless	=	true	126	123	-2.88	-2.54	-2.07850603245	-0.485	1.205	2.1325	4.0125	5.2	5.26	0.974516053909	1.81085478677	2.6175	1.11439001887	0.015873015873	0	38	88	0
LogD7.4	regression	logD7.4_or_lipophilicity_source_value	=	true	3	3	-0.46	-0.4024	-0.172	0.98	2.42	2.51	2.582	2.5964	2.6	1.52	1.71709056255	1.53	0.18	0.333333333333	0	1	2	0
PPB	regression	%	=	true	42	36	0	0	0	28.45	73.901446537	93.5836923501	98.95	99	99	60.8013187752	36.0318156056	65.1336923501	22.798553463	0.0952380952381	4	0	38	0
PPB	regression	% bound	=	true	46	34	62	68.3	81	90	97.45	99	99.3	99.51	99.6	93.5739130435	7.73874623157	9	1.85	0.0869565217391	0	0	46	2
PPB	regression	fraction	<	true	1	1	0.06	0.06	0.06	0.06	0.06	0.06	0.06	0.06	0.06	0.06	0	0	0	1	0	0	1	0
PPB	regression	fraction	=	true	38	31	0	0.0037	0.01	0.3325	0.7705	0.915	0.99	0.99567	0.999	0.637105263158	0.333741993687	0.5825	0.2185	0.0789473684211	1	0	37	0
PPB	regression	fraction	>	true	6	4	0.5	0.52	0.6	0.92	0.985	0.99	0.99	0.99	0.99	0.891666666667	0.195081179683	0.07	0.005	0.5	0	0	6	1
PPB	regression	source_specific_ppbr	=	true	7	7	27.09	28.8084	35.682	60.135	73.81	82.05	83.293	83.6026	83.68	66.9928571429	20.4275424483	21.915	9.27	0.142857142857	0	0	7	1
T1/2	regression	Days	=	true	34	32	2.11	2.1958	2.70475	4.875	11.9	16.675	37.24	58.353	60.3	13.8516176471	13.3677081919	11.8	6.69	0.0588235294118	0	0	34	2
T1/2	regression	Days	>	true	1	1	2	2	2	2	2	2	2	2	2	2	0	0	0	1	0	0	1	0
T1/2	regression	Hours	<	true	8	2	0.5	0.5	0.5	0.5	0.5	0.5	0.825	0.965	1	0.5625	0.176776695297	0	0	0.875	0	0	8	1
T1/2	regression	Hours	<=	true	1	1	24	24	24	24	24	24	24	24	24	24	0	0	0	1	0	0	1	0
T1/2	regression	Hours	=	true	1294	770	0.02	0.1093	0.34295	2.6	9	33.15	152.87	617.98	5310	49.6594653323	240.141868656	30.55	8	0.0115919629057	0	0	1294	190
T1/2	regression	Hours	>	true	47	12	2	2.92	4	8.5	24	39	57.8	77.98	95	26.2680851064	19.8899702317	30.5	19	0.276595744681	0	0	47	1
T1/2	regression	Hours	~	true	17	13	0.35	0.502	1.11	2	4	33	1844	1984.8	2020	242.467647059	629.629076555	31	3.65	0.176470588235	0	0	17	4
T1/2	regression	Minutes	<	true	11	5	2	2.3	3.5	10	15	30	30	30	30	17.4545454545	10.7365137392	20	10	0.363636363636	0	0	11	0
T1/2	regression	Minutes	=	true	551	412	0.7	0.99	1.98	7.2	25	74.95	405.2	983.5	1440	89.4765245009	184.328845496	67.75	20.17	0.016333938294	0	0	551	73
T1/2	regression	Minutes	>	true	6	3	80	82	90	120	120	246.75	289	289	289	169.666666667	93.7244187321	126.75	20	0.5	0	0	6	0
T1/2	regression	Minutes	~	true	6	5	45	46.75	53.75	87	114	120	166.5	178.9	182	109.166666667	45.8450288108	33	20	0.333333333333	0	0	6	1
T1/2	regression	Months	=	true	13	11	2	2.24	3.2	12	120	400	818	1043.6	1100	243.692307692	331.26207767	388	108	0.153846153846	0	0	13	1
T1/2	regression	Seconds	<	true	7	1	30	30	30	30	30	30	30	30	30	30	0	0	0	1	0	0	7	0
T1/2	regression	Seconds	=	true	17	17	33	34.792	41.96	130	700	3800	20360	32072	35000	4773.54117647	9086.36709053	3670	650	0.0588235294118	0	0	17	3
T1/2	regression	Week	=	true	1	1	1	1	1	1	1	1	1	1	1	1	0	0	0	1	0	0	1	0
T1/2	regression	Week	~	true	1	1	1	1	1	1	1	1	1	1	1	1	0	0	0	1	0	0	1	0
T1/2	regression	day	=	true	3	3	1	1.006	1.03	1.15	1.3	1.4	1.48	1.496	1.5	1.26666666667	0.251661147842	0.25	0.2	0.333333333333	0	0	3	0
T1/2	regression	days	=	true	8	8	0.75	0.7675	0.8375	1.5625	3.125	5.1875	64.025	88.805	95	14.5	32.5894373773	3.625	1.875	0.125	0	0	8	1
T1/2	regression	days	>	true	1	1	7	7	7	7	7	7	7	7	7	7	0	0	0	1	0	0	1	0
T1/2	regression	h	<	true	1	1	0.0166666666667	0.0166666666667	0.0166666666667	0.0166666666667	0.0166666666667	0.0166666666667	0.0166666666667	0.0166666666667	0.0166666666667	0.0166666666667	0	0	0	1	0	0	1	0
T1/2	regression	h	<=	true	2	2	0.166666666667	0.175	0.208333333334	0.375	0.583333333334	0.791666666667	0.958333333333	0.991666666667	1	0.583333333334	0.589255650989	0.416666666666	0.416666666666	0.5	0	0	2	0
T1/2	regression	h	=	true	79	67	0.0283333333333	0.0322333333333	0.241666666667	1.55	4.7	20.4166666667	154	386.04	528	28.5996413502	77.5327653836	18.8666666667	4.4	0.0379746835443	0	0	79	6
T1/2	regression	h	~	true	3	3	2	2.18	2.9	6.5	11	65.5	109.1	117.82	120	44.3333333333	65.683584961	59	9	0.333333333333	0	0	3	0
T1/2	regression	hour	=	true	15	12	0.3	0.398	0.79	1.05	2.3	16.45	38.408	44.3216	45.8	10.3026666667	14.1429272918	15.4	1.3	0.2	0	0	15	1
T1/2	regression	hour	~	true	1	1	1	1	1	1	1	1	1	1	1	1	0	0	0	1	0	0	1	0
T1/2	regression	hours	<	true	5	4	2	2	2	2	5	24	68.8	77.76	80	22.6	33.3736422945	22	3	0.4	0	0	5	1
T1/2	regression	hours	=	true	443	271	0.032	0.07492	0.5	2.4175	7	21.55	68	158.7	1550	22.0003408578	84.5979432949	19.1325	5.8	0.0225733634312	0	0	443	39
T1/2	regression	hours	>	true	39	13	1	1.38	2.9	12	24	24	135.6	168	168	35.5641025641	44.6151938197	12	12	0.333333333333	0	0	39	8
T1/2	regression	hours	~	true	11	9	1	1.05	1.25	4.5	12	24	70	70	70	21.7272727273	25.3054970672	19.5	10.5	0.181818181818	0	0	11	2
T1/2	regression	min	=	true	36	36	6.72214319401	7.96897263153	11.5711282539	18.6147260274	29.1162545412	78.75	167.75	236.825	240.5	55.2164397098	57.4479614263	60.1352739726	14.4064844262	0.0277777777778	0	0	36	2
T1/2	regression	minute	<	true	3	1	1	1	1	1	1	1	1	1	1	1	0	0	0	1	0	0	3	0
T1/2	regression	minute	=	true	135	111	0.6	0.6472	1.58	7	18	72	187.2	288.82	449	49.764962963	67.966677062	65	15.5	0.0296296296296	0	0	135	9
T1/2	regression	minute	>	true	6	3	180	186	210	300	300	300	825	965	1000	396.666666667	299.443929086	0	0	0.666666666667	0	0	6	2
T1/2	regression	minute	~	true	1	1	1	1	1	1	1	1	1	1	1	1	0	0	0	1	0	0	1	0
T1/2	regression	minutes	<	true	18	7	1	1	1	2	5	8.75	30	30	30	7.72222222222	8.86371025458	6.75	3	0.333333333333	0	0	18	2
T1/2	regression	minutes	=	true	721	459	0.42	0.658	1.34	5.8	17	55	192	417	7560	68.4544244105	359.725967479	49.2	14.5	0.0138696255201	0	0	721	62
T1/2	regression	minutes	>	true	17	10	10	13.2	26	110	240	400	500	500	500	242.058823529	171.071063665	290	156	0.294117647059	0	0	17	0
T1/2	regression	minutes	~	true	28	15	1.5	1.635	2.35	8.75	30	67.5	326	391.1	410	69.375	105.091549595	58.75	26	0.142857142857	0	0	28	3
T1/2	regression	month	=	true	1	1	47.4	47.4	47.4	47.4	47.4	47.4	47.4	47.4	47.4	47.4	0	0	0	1	0	0	1	0
T1/2	regression	seconds	<	true	1	1	10	10	10	10	10	10	10	10	10	10	0	0	0	1	0	0	1	0
T1/2	regression	seconds	=	true	407	325	0.0008	0.001106	0.00223	0.00755	0.0317	0.16075	25.23115	343.8	910	12.2008007371	73.2949110256	0.1532	0.028	0.012285012285	0	0	407	76
T1/2	regression	seconds	~	true	9	8	11	11	11	14	40	45	55.6	59.12	60	33.6666666667	18.1659021246	31	11	0.222222222222	0	0	9	0
T1/2	regression	source_specific_half_life	=	true	3	3	7.3	7.354	7.57	8.65	10	11	11.8	11.96	12	9.76666666667	2.35867194271	2.35	2	0.333333333333	0	0	3	0
Vd	regression	L	=	true	15	15	5.87	6.4902	8.971	43.9	104	354.37	484.97	573.394	595.5	206.219333333	192.600117804	310.47	98.13	0.0666666666667	0	0	15	0
Vd	regression	L/kg	=	true	14	14	0.7	0.713	0.765	1.925	3.1	9.4335	18.2897	26.53794	28.6	6.36464285714	7.65925276138	7.5085	1.892	0.0714285714286	0	0	14	1
Vd	regression	mL/kg	=	true	24	23	162	164.07	175.5	217.675	265.9	731.75	2905.5	2994.7	3020	811.029166667	997.244220003	514.075	79.9	0.0833333333333	0	0	24	5
cell_viability_percent	numeric_regression	%	=	true	7	7	7	10.3	23.5	64	74	90	97.7	97.94	98	69.5714285714	30.9454204628	26	12	0.142857142857	0	0	7	1
chromatographic_retention	regression	min	blank	true	22	20	6.7	6.868	7.525	9.21	10.3	11.875	12.57	18.209	19.7	10.6231818182	2.61286813103	2.665	1.45	0.136363636364	0	0	22	1
clearance	regression	mL/min/kg	blank	true	5	5	93.3	94.568	99.64	125	162	206	277.2	291.44	295	176.26	78.576319588	81	44	0.2	0	0	5	0
clearance	regression	uL/min/mg protein	blank	true	7	7	10	11.38	16.9	38	160	192	286.7	315.74	323	136.142857143	113.395221198	154	117	0.142857142857	0	0	7	0
cytotoxicity	censored_regression	nM	>	true	18	2	10000	10000	10000	10000	15000	15000	15000	15000	15000	13055.5555556	2508.15662852	5000	0	0.611111111111	0	0	18	0
cytotoxicity	regression	%	<	true	80	9	1	2.58	5	5	10	10	20	40	40	9.8825	7.0164864625	5	0	0.5125	0	0	80	6
cytotoxicity	regression	%	<=	true	5	2	22	22	22	22	50	50	50	50	50	38.8	15.3362316101	28	0	0.6	0	0	5	0
cytotoxicity	regression	%	=	true	1629	313	0	0	0	8	17	38	92.624	100	100	27.1838367096	28.2757501407	30	12	0.142418661756	232	0	1397	144
cytotoxicity	regression	%	>	true	32	4	10	10	10	10	10	10	90	93.45	95	23.90625	29.7498814039	0	0	0.8125	0	0	32	6
cytotoxicity	regression	nM	blank	true	108	105	2.26	6.049	12.07	89.25	346	1509.25	5844.45	10662.68	12300	1290.86814815	2242.2239762	1420	304	0.0185185185185	0	0	108	13
cytotoxicity	regression	uM	<	true	9	2	25	31	55	100	100	100	100	100	100	91.6666666667	25	0	0	0.888888888889	0	0	9	1
cytotoxicity	regression	uM	=	true	1579	918	0.065	0.6068	3	14	35	72.85	250.06	1025.1	5921	89.8102045598	314.572415518	58.85	25.4	0.0151994933502	0	0	1579	130
cytotoxicity	regression	uM	>	true	549	65	4.5	12.92	25	64	100	170	382.8	600	4000	147.240054645	201.80879237	106	45.6	0.24043715847	0	0	549	29
cytotoxicity	regression	uM	>=	true	43	8	40	40	40	65	65	200	512	512	512	163.046511628	174.745250428	135	15	0.441860465116	0	0	43	8
cytotoxicity	regression	ug/mL	=	true	480	375	0.44	1.2396	5.5055	23.925	69.7	200	530.2	958.4273	11226	189.240416667	661.844129924	176.075	55.3	0.0354166666667	0	0	480	32
cytotoxicity	regression	ug/mL	>	true	192	21	10	30	32	50	200	300	1000	1000	10000	304.937213542	752.46569021	250	136	0.161458333333	0	0	192	17
cytotoxicity_cc50	censored_numeric_regression	uM	>	true	25	10	25	25	60	395	467	500	500	500	500	393.4	153.450589224	105	33	0.44	0	0	25	6
cytotoxicity_cc50	censored_numeric_regression	ug/mL	>	true	1	1	100	100	100	100	100	100	100	100	100	100	0	0	0	1	0	0	1	0
cytotoxicity_cc50	numeric_regression	mg/mL	=	true	2	2	0.04	0.0606	0.143	0.555	1.07	1.585	1.997	2.0794	2.1	1.07	1.45663996924	1.03	1.03	0.5	0	0	2	0
cytotoxicity_cc50	numeric_regression	uM	=	true	10	10	12	12.5175	14.5875	20.65	50.85	144.775	343.96412	447.192824	473	107.48036	142.905317589	124.125	32.375	0.1	0	0	10	1
cytotoxicity_cc50	numeric_regression	ug/mL	=	true	1	1	79.8	79.8	79.8	79.8	79.8	79.8	79.8	79.8	79.8	79.8	0	0	0	1	0	0	1	0
cytotoxicity_ec50	censored_numeric_regression	uM	>	true	1	1	100	100	100	100	100	100	100	100	100	100	0	0	0	1	0	0	1	0
cytotoxicity_ec50	numeric_regression	uM	=	true	31	29	2	2.9	5.55	11.15	22.5	49	168	171.8	173	43.8129032258	50.5537189	37.85	12.5	0.0645161290323	0	0	31	4
cytotoxicity_hc50	numeric_regression	uM	=	true	1	1	53.12	53.12	53.12	53.12	53.12	53.12	53.12	53.12	53.12	53.12	0	0	0	1	0	0	1	0
cytotoxicity_ic50	censored_numeric_regression	mM	>	true	1	1	2	2	2	2	2	2	2	2	2	2	0	0	0	1	0	0	1	0
cytotoxicity_ic50	censored_numeric_regression	mg/mL	>	true	1	1	4	4	4	4	4	4	4	4	4	4	0	0	0	1	0	0	1	0
cytotoxicity_ic50	censored_numeric_regression	uM	>	true	21	12	40	52	100	100	150	438	489	497.8	500	228.428571429	160.337946672	338	50	0.238095238095	0	0	21	0
cytotoxicity_ic50	censored_numeric_regression	uM	>=	true	1	1	100	100	100	100	100	100	100	100	100	100	0	0	0	1	0	0	1	0
cytotoxicity_ic50	censored_numeric_regression	ug/mL	>	true	6	2	256	256	256	256	256	256	814	962.8	1000	380	303.736728105	0	0	0.833333333333	0	0	6	1
cytotoxicity_ic50	numeric_regression	mM	=	true	2	2	0.9	0.906	0.93	1.05	1.2	1.35	1.47	1.494	1.5	1.2	0.424264068712	0.3	0.3	0.5	0	0	2	0
cytotoxicity_ic50	numeric_regression	uM	=	true	102	95	1	1.2296	5.0045	16.6375	32.48	66.72	347.185	586.77	1185	84.5859803922	154.043227977	50.0825	23.5	0.0196078431373	0	0	102	17
cytotoxicity_ic50	numeric_regression	ug/mL	=	true	13	13	22.67	24.0692	29.666	43.83	52.83	150	360.744	419.9808	434.79	115.640769231	124.497657238	106.17	18.5	0.0769230769231	0	0	13	2
cytotoxicity_lc50	censored_numeric_regression	ug/mL	>	true	2	2	128	129.72	136.6	171	214	257	291.4	298.28	300	214	121.622366364	86	86	0.5	0	0	2	0
cytotoxicity_lc50	numeric_regression	uM	=	true	6	6	5.6	7.32	14.2	41.25	47.5	63.5	84.5	88.9	90	49.7666666667	28.3550113149	22.25	14	0.166666666667	0	0	6	1
cytotoxicity_lc50	numeric_regression	ug/mL	=	true	2	2	57	57.411	59.055	67.275	77.55	87.825	96.045	97.689	98.1	77.55	29.0620887068	20.55	20.55	0.5	0	0	2	0
cytotoxicity_percent	censored_numeric_regression	%	<	true	10	3	5	5.45	7.25	10	10	17.5	20	20	20	12.5	5.40061724867	7.5	0	0.6	0	0	10	0
cytotoxicity_percent	numeric_regression	%	=	true	28	16	1.1	1.154	1.72	7.25	26	50	100	100	100	32.9225	29.9922389498	42.75	22.95	0.285714285714	0	0	28	0
cytotoxicity_proxy	regression	%	blank	true	36	17	15	32.85	78	96	99	100.25	104.25	107.6	109	95.0833333333	15.5552012431	4.25	2.5	0.138888888889	0	0	36	6
efflux_ratio	censored_regression	ratio	>	true	15	1	20	20	20	20	20	20	20	20	20	20	0	0	0	1	0	0	15	0
efflux_ratio	regression	ratio	blank	true	170	126	0.24	0.2876	0.539	1.205	3	7.75	199.4	321.72	380	23.2516588235	67.4228153234	6.545	2.155	0.0823529411765	0	0	170	21
exposure	regression	ng*h/mL	blank	true	10	10	172	172.63	175.15	563.5	809.5	1027	1328.85	1331.37	1332	780.5	414.692456326	463.5	245.5	0.1	0	0	10	0
half_life	censored_regression	min	<	true	3	1	5	5	5	5	5	5	5	5	5	5	0	0	0	1	0	0	3	0
half_life	regression	h	blank	true	4	4	0.2	0.203	0.215	0.275	0.75	1.25	1.37	1.394	1.4	0.775	0.613052471925	0.975	0.5	0.25	0	0	4	0
half_life	regression	min	blank	true	6	5	8	8	8	8.5	21	39.5	75.75	84.75	87	31.1666666667	30.8442323079	31	13	0.333333333333	0	0	6	1
hemolysis	regression	%	<	true	1546	48	0	0.2225	1	5	5	10	50	100	100	11.7832082794	16.6425625805	5	4	0.388745148771	1	0	1545	266
hemolysis	regression	%	<=	true	79	5	1.5	3.45	5	5	10	10	11	20	20	8.22151898734	3.74572135006	5	0	0.506329113924	0	0	79	4
hemolysis	regression	%	=	true	16016	1347	0	0	0	2	10	41	96	100	100	23.232010964	28.9613974775	39	10	0.157405094905	2521	0	13495	707
hemolysis	regression	%	>	true	148	25	0.1	0.735	5	10	40	60	93.25	100	100	41.0513513514	29.4945134676	50	27.75	0.216216216216	0	0	148	0
hemolysis	regression	%	>=	true	29	8	2	2.84	5	5	5	10	69	89.4	95	17.3103448276	24.1011313431	5	0	0.551724137931	0	0	29	7
hemolysis	regression	%	~	true	243	43	0	0	1	6.5	20	61.5	100	100	100	35.2678600823	34.5686302097	55	18	0.135802469136	10	0	233	0
hemolysis	regression	mM	=	true	16	16	1.02	1.164	1.74	2.295	4.3	6.6375	17.7425	26.0045	28.07	6.195625	6.71930052783	4.3425	2.135	0.0625	0	0	16	2
hemolysis	regression	mg/L	>	true	7	1	500	500	500	500	500	500	500	500	500	500	0	0	0	1	0	0	7	0
hemolysis	regression	nM	=	true	6	6	35000	35500	37500	181250	735000	1011250	2683250	3117450	3226000	971833.333333	1181447.4879	830000	505000	0.166666666667	0	0	6	1
hemolysis	regression	uM	<	true	46	10	3	3.045	3.575	12.5	25	81	800	800	800	102.356521739	222.102628582	68.5	19.7	0.217391304348	0	0	46	6
hemolysis	regression	uM	=	true	3732	1162	0.05	1	4.2216	25.975	87.6	200	727.54	3496.96	219457	325.402733119	3825.80017429	174.025	70.19	0.0450160771704	0	0	3732	398
hemolysis	regression	uM	>	true	967	58	8.5	31.32	50	100	200	320	600	1437.68	2000	262.040537746	260.070742388	220	100	0.225439503619	0	0	967	48
hemolysis	regression	uM	>=	true	24	2	65	65	65	65	65	65	65	207.45	250	72.7083333333	37.7629668679	0	0	0.958333333333	0	0	24	1
hemolysis	regression	uM	~	true	4	4	0.1	0.16	0.4	1.6	11.05	42.5	96.5	107.3	110	33.05	52.0743378899	40.9	9.95	0.25	0	0	4	1
hemolysis	regression	ug/mL	<	true	13	6	1	1	1	1	7.8	10	640	928	1000	121.2	286.514828005	9	6.8	0.384615384615	0	0	13	3
hemolysis	regression	ug/mL	=	true	842	375	1	1.6738	5	40	100	250	844.54	1295.9	13800	244.767684086	695.503072567	210	82.87	0.0403800475059	0	0	842	69
hemolysis	regression	ug/mL	>	true	496	33	1	32	100	128	256	500	2000	2000	2500	455.923387097	489.763490827	372	128	0.264112903226	0	0	496	32
hemolysis	regression	ug/mL	>=	true	3	2	128	129.44	135.2	164	200	200	200	200	200	176	41.5692193817	36	0	0.666666666667	0	0	3	0
hemolysis	regression	ug/mL	~	true	1	1	100	100	100	100	100	100	100	100	100	100	0	0	0	1	0	0	1	0
hemolysis	regression	umol/L	=	true	8	8	0.6	0.922	2.21	9.1	29.055	101.635	268.2935	313.8187	325.2	80.42875	112.769045707	92.535	26.155	0.125	0	0	8	1
hemolysis	regression	umol/L	>	true	1	1	325.2	325.2	325.2	325.2	325.2	325.2	325.2	325.2	325.2	325.2	0	0	0	1	0	0	1	0
hemolysis_concentration_at_50_percent	numeric_regression	uM	=	true	1	1	250	250	250	250	250	250	250	250	250	250	0	0	0	1	0	0	1	0
hemolysis_concentration_at_5_percent	numeric_regression	ug/mL	=	true	1	1	62.5	62.5	62.5	62.5	62.5	62.5	62.5	62.5	62.5	62.5	0	0	0	1	0	0	1	0
hemolysis_ec50	censored_numeric_regression	uM	>	true	11	8	438	438.2	439	440	451	459	484.5	488.1	489	453.727272727	17.1586182957	19	11	0.272727272727	0	0	11	1
hemolysis_ec50	numeric_regression	uM	=	true	4	4	6	6.81	10.05	26.25	155.5	304	366.4	378.88	382	174.75	184.555998728	277.75	136	0.25	0	0	4	0
hemolysis_hc50	censored_numeric_regression	uM	>	true	35	5	100	100	100	200	200	500	500	500	500	298.742857143	151.645938806	300	0	0.514285714286	0	0	35	0
hemolysis_hc50	numeric_regression	uM	=	true	15	15	10	10.7	13.5	20.5	42.5	111.5	252.24	373.648	404	83.8466666667	103.612649991	91	26.5	0.0666666666667	0	0	15	1
hemolysis_hc50	numeric_regression	ug/mL	=	true	2	2	137.9	138.711	141.955	158.175	178.45	198.725	214.945	218.189	219	178.45	57.3463599542	40.55	40.55	0.5	0	0	2	0
hemolysis_hd50	numeric_regression	uM	=	true	4	4	11.6	11.651	11.855	12.875	19.4	69.125	173.825	194.765	200	62.6	91.8089683346	56.25	6.95	0.25	0	0	4	1
hemolysis_ic50	numeric_regression	uM	=	true	1	1	155	155	155	155	155	155	155	155	155	155	0	0	0	1	0	0	1	0
hemolysis_lc50	censored_numeric_regression	uM	>	true	1	1	403	403	403	403	403	403	403	403	403	403	0	0	0	1	0	0	1	0
hemolysis_lc50	censored_numeric_regression	ug/mL	>	true	2	2	600	604	620	700	800	900	980	996	1000	800	282.842712475	200	200	0.5	0	0	2	0
hemolysis_lc50	numeric_regression	uM	=	true	3	3	6.2	6.216	6.28	6.6	7	103.5	180.7	196.14	200	71.0666666667	111.660258523	96.9	0.8	0.333333333333	0	0	3	0
hemolysis_mhc	numeric_regression	uM	=	true	32	17	3.44	3.44	3.748	8	42.875	125.75	167.0645	214.879	214.91	68.060625	65.0419874283	117.75	38.875	0.1875	0	0	32	0
hemolysis_mhc10	censored_numeric_regression	uM	>	true	18	2	640	640	640	800	1280	1280	1280	1280	1280	1102.22222222	294.968703336	480	0	0.722222222222	0	0	18	0
hemolysis_mhc10	numeric_regression	uM	=	true	21	10	0.08	0.19	0.63	1.25	20	320	1280	1280	1280	249.498095238	397.119380711	318.75	19.92	0.333333333333	0	0	21	2
hemolysis_percent	censored_numeric_regression	%	<	true	23	6	1	1	1	1.75	5	10	10	17.8	20	6.58695652174	4.87724813877	8.25	4	0.434782608696	0	0	23	0
hemolysis_percent	censored_numeric_regression	%	>	true	2	2	0	0.5	2.5	12.5	25	37.5	47.5	49.5	50	25	35.3553390593	25	25	0.5	1	0	1	0
hemolysis_percent	numeric_regression	%	=	true	486	105	0	0	0	1.55	8	27.75	98	100	100	21.5127160494	29.7111304151	26.2	7.96	0.156378600823	76	0	410	58
lipophilicity_proxy	regression	CHI-IAM index	blank	true	12	12	31.64	31.8699	32.7895	33.95	34.83	38.3825	42.2875	44.6415	45.23	36.4633333333	3.75736206626	4.4325	1.87	0.0833333333333	0	0	12	1
logd	regression	dimensionless	blank	true	22	21	-1.7	-1.6538	-1.443	-0.3425	1.71	2.2025	2.5785	2.8249	2.89	1.07772727273	1.4287021477	2.545	0.795	0.0909090909091	0	6	16	0
membrane_retention	regression	%	blank	true	12	11	0	0	0	5.75	9.5	17.5	58.3	64.46	66	17.1666666667	20.796998618	11.75	7	0.166666666667	2	0	10	2
permeability	censored_regression	log10(cm/s)	<	true	4	2	-8.2	-8.188	-8.14	-7.9	-7.8	-7.8	-7.8	-7.8	-7.8	-7.9	0.2	0.1	0	0.75	0	4	0	1
permeability	censored_regression	log10(cm/s)	>	true	6	1	-6	-6	-6	-6	-6	-6	-6	-6	-6	-6	0	0	0	1	0	6	0	0
permeability	regression	10^-6 cm/s	=	true	5	5	0.3	0.306	0.33	0.45	0.6	1.73	2.434	2.5748	2.61	1.138	0.997782541439	1.28	0.3	0.2	0	0	5	0
permeability	regression	10^-6 cm/s	blank	true	28	28	0.194	0.1994	0.2154	1.1325	5.92	11.05	23.705	30.179	30.8	7.18517857143	7.74788867324	9.9175	5.05	0.0357142857143	0	0	28	2
permeability	regression	log10(cm/s)	blank	true	1655	640	-8.699	-8	-7.6857	-6.959	-6.301	-5.46	-4.5272	-4.19632	-3.575	-6.19351440935	0.971911734378	1.499	0.745	0.0277945619335	0	1655	0	0
permeability	regression	source_log10_permeability	=	true	8455	769	-9.46	-8.05	-7.24	-6.235	-5.71	-5.27	-4.59	-4.31	-3.46	-5.79885043469	0.79342691379	0.965	0.48	0.0102897693672	0	8455	0	182
permeability_recovery	regression	%	blank	true	16	14	27	29.25	38.25	73.75	90	94.5	101.25	101.85	102	80.8125	21.0403382419	20.75	9	0.1875	0	0	16	2
plasma_concentration	censored_regression	ng/mL	<	true	13	1	2	2	2	2	2	2	2	2	2	2	0	0	0	1	0	0	13	0
plasma_concentration	regression	ng/mL	blank	true	34	34	4	4.1848	4.846	12.5	119.5	926.75	6017.75	11068.74	12396	1356.51176471	2682.29009518	914.25	114.72	0.0294117647059	0	0	34	7
plasma_stability	censored_regression	% remaining	>	true	2	1	99	99	99	99	99	99	99	99	99	99	0	0	0	1	0	0	2	0
plasma_stability	regression	% remaining	blank	true	8	8	64	64.98	68.9	80.25	87.5	92.5	96.6	97.72	98	85.25	10.8067439262	12.25	6.5	0.125	0	0	8	0
solubility	regression	Mass concentration, kg/m3	=	true	40	34	0.1	0.1078	0.1295	0.45	1.545	14.5675	140.528	201.1	201.1	24.3995	50.7340971143	14.1175	1.42	0.05	0	0	40	8
solubility	regression	Mass fraction	=	true	10	10	0.00402	0.0041271	0.0045555	0.00679	0.00901	0.010775	0.015135	0.016467	0.0168	0.009243	0.00382161411506	0.003985	0.002155	0.1	0	0	10	1
solubility	regression	Mass ratio of solute to solvent	=	true	54	53	0.00099	0.0012073	0.0024455	0.009185	0.0296	0.08685	0.218995	0.248415	0.272	0.0643277777778	0.0739777106326	0.077665	0.025675	0.037037037037	0	0	54	5
solubility	regression	Molality, mol/kg	=	true	19	19	0.0122	0.012218	0.01229	0.0128	0.0137	0.01465	0.01584	0.016128	0.0162	0.0138157894737	0.00121118085533	0.00185	0.001	0.0526315789474	0	0	19	0
solubility	regression	Mole fraction	=	true	156	156	3.16e-05	5.4449e-05	0.00016025	0.000422075	0.00108255	0.002513025	0.006695725	0.008992	0.0111172	0.00187879108974	0.00211773437316	0.00209095	0.00077055	0.00641025641026	0	0	156	10
solubility	regression	uM	=	true	41	41	2.8	3.28	11.5	412	678	758	872	926	936	546.348780488	293.161329409	346	93	0.0243902439024	0	0	41	0
stability_half_life	censored_numeric_regression	h	<	true	1	1	0.5	0.5	0.5	0.5	0.5	0.5	0.5	0.5	0.5	0.5	0	0	0	1	0	0	1	0
stability_half_life	numeric_regression	h	=	true	18	17	0.3	0.453	1.065	5.3	9.66	16.1825	31.49	34.618	35.4	12.5027777778	10.3503542455	10.8825	6.215	0.111111111111	0	0	18	1
stability_half_life	numeric_regression	min	=	true	1	1	120	120	120	120	120	120	120	120	120	120	0	0	0	1	0	0	1	0
stability_half_life	numeric_regression	s	=	true	1	1	22	22	22	22	22	22	22	22	22	22	0	0	0	1	0	0	1	0
volume_distribution	regression	L/kg	blank	true	5	5	1.2	1.2264	1.332	1.86	2.4	3.1	6.14	6.748	6.9	3.092	2.24038389568	1.24	0.7	0.2	0	0	5	1
